[
{"doc_name":"Dr Prabir Chatterjee","SSF_ID":"2","Doctors_Registration_No":"43557","Gender":"Male","Specialty":"GP","Address":"Bankura","Mobile":"9433310060","Availability":"Thursday: 3PM- 4PM"},
{"doc_name":"Dr Punyabrata Gun","SSF_ID":"1","Doctors_Registration_No":"44157","Gender":"Male","Specialty":"GP","Address":"Kolkata","Mobile":"9830922194","Availability":"Monday: 9AM - 1PM\r\nTuesday: 9AM - 1PM\r\nWednesday: 9AM - 1PM"},
{"doc_name":"Dr. Mrinmoy Bera","SSF_ID":"3","Doctors_Registration_No":"72762","Gender":"Male","Specialty":"GP","Address":"Kolkata","Mobile":"8777050259","Availability":"Monday: 9AM - 1PM\r\nTuesday: 9AM - 1PM\r\nWednesday: 9AM - 1PM"}
]

