[
{"date":"2022-07-28","Day_Card_No":"0","Name":"Etwa Surin","Age":"34","Gender":"Female","Weight":"78","Height":"67","Pulse_Rate":"56","Systolic_Blood_Pressure":"45","Diastolic_Blood_Pressure":"67","Temperature":"98","SPO2":"24","Blood_Sugar":"none","Blood_Sugar_level":"0","Remarks":"à¤†à¤‚à¤– à¤•à¤¾ à¤«à¥‡à¤•à¤¾à¤ªà¤¾à¤¨","current_problems":"à¤•à¥‹à¤®à¤¾à¤° à¤¦à¤°à¥à¤¦,à¤«à¥‰à¤²à¥‹à¤…à¤ª à¤šà¥‡à¤• à¤…à¤ª ","Other_comment":"","Type_of_Consulting":"Real time","Assigned_Doctor":"Dr Punyabrata Gun","Consultation_Date":"2022-07-28","Consultation_Time":"18:30:00","Patient_Registration_Number":"G0722002201","ID":"1"},
{"date":"2022-07-10","Day_Card_No":"1","Name":"Shila Devi","Age":"0","Gender":"Female","Weight":"34","Height":"0","Pulse_Rate":"0","Systolic_Blood_Pressure":"","Diastolic_Blood_Pressure":"","Temperature":"","SPO2":"","Blood_Sugar":"","Blood_Sugar_level":"0","Remarks":"","current_problems":"","Other_comment":"","Type_of_Consulting":"","Assigned_Doctor":"Dr. Mrinmoy Bera","Consultation_Date":"2022-07-10","Consultation_Time":"11:00:00","Patient_Registration_Number":"K0722","ID":"2"},
{"date":"2022-07-10","Day_Card_No":"10","Name":"Arsaliani Surin","Age":"47","Gender":"Female","Weight":"45","Height":"158","Pulse_Rate":"96","Systolic_Blood_Pressure":"107","Diastolic_Blood_Pressure":"68","Temperature":"96.6","SPO2":"96","Blood_Sugar":"","Blood_Sugar_level":"0","Remarks":"","current_problems":"Headache, fever at night","Other_comment":"","Type_of_Consulting":"","Assigned_Doctor":"Dr. Mrinmoy Bera","Consultation_Date":"2022-07-10","Consultation_Time":"12:00:00","Patient_Registration_Number":"K07220003302","ID":"11"},
{"date":"2022-07-23","Day_Card_No":"10002","Name":"Saidan Surin","Age":"21","Gender":"Female","Weight":"1","Height":"1","Pulse_Rate":"1","Systolic_Blood_Pressure":"1","Diastolic_Blood_Pressure":"1","Temperature":"1","SPO2":"1","Blood_Sugar":"No","Blood_Sugar_level":"0","Remarks":"à¤•à¥‹à¤ˆ à¤¨à¤¹à¥€à¤‚","current_problems":"à¤¬à¥à¤–à¤¾à¤°,à¤¸à¤°à¤¦à¤°à¥à¤¦","Other_comment":"No","Type_of_Consulting":"Real time","Assigned_Doctor":"Dr Punyabrata Gun","Consultation_Date":"2022-07-23","Consultation_Time":"12:21:00","Patient_Registration_Number":"K0722000404","ID":"27"},
{"date":"2022-07-26","Day_Card_No":"1001","Name":"Nimunti Surin","Age":"52","Gender":"Female","Weight":"1","Height":"1","Pulse_Rate":"1","Systolic_Blood_Pressure":"1","Diastolic_Blood_Pressure":"2","Temperature":"2","SPO2":"2","Blood_Sugar":"No","Blood_Sugar_level":"0","Remarks":"à¤•à¥‹à¤ˆ à¤¨à¤¹à¥€à¤‚","current_problems":"à¤¨à¤¿à¤¯à¤®à¤¿à¤¤ à¤šà¥‡à¤• à¤…à¤ª","Other_comment":"headache","Type_of_Consulting":"Real time","Assigned_Doctor":"Dr Punyabrata Gun","Consultation_Date":"2022-07-26","Consultation_Time":"18:24:00","Patient_Registration_Number":"K0722000402","ID":"24"},
{"date":"2022-07-26","Day_Card_No":"1002","Name":"Nimunti Surin","Age":"52","Gender":"Female","Weight":"22","Height":"22","Pulse_Rate":"22","Systolic_Blood_Pressure":"22","Diastolic_Blood_Pressure":"22","Temperature":"22","SPO2":"22","Blood_Sugar":"No","Blood_Sugar_level":"0","Remarks":"à¤•à¥‹à¤ˆ à¤¨à¤¹à¥€à¤‚","current_problems":"à¤«à¥‰à¤²à¥‹à¤…à¤ª à¤šà¥‡à¤• à¤…à¤ª ,à¤›à¤¾à¤¤à¥€ à¤®à¥‡à¤‚ à¤¦à¤°à¥à¤¦,à¤°à¤•à¥à¤¤à¤šà¤¾à¤ª","Other_comment":"","Type_of_Consulting":"Real time","Assigned_Doctor":"Dr Punyabrata Gun","Consultation_Date":"2022-07-26","Consultation_Time":"18:17:00","Patient_Registration_Number":"K0722000402","ID":"25"},
{"date":"2022-07-09","Day_Card_No":"11","Name":"Shutughan Surin","Age":"58","Gender":"Male","Weight":"50","Height":"171","Pulse_Rate":"67","Systolic_Blood_Pressure":"135","Diastolic_Blood_Pressure":"79","Temperature":"95.7","SPO2":"97","Blood_Sugar":"no","Blood_Sugar_level":"0","Remarks":"","current_problems":"chest pain, stomach pain, breathing trouble","Other_comment":"","Type_of_Consulting":"","Assigned_Doctor":"Dr. Mrinmoy Bera","Consultation_Date":"2022-07-10","Consultation_Time":"11:15:52","Patient_Registration_Number":null,"ID":"12"},
{"date":"2022-07-09","Day_Card_No":"12","Name":"Binodi Surin","Age":"63","Gender":"Female","Weight":"36","Height":"146","Pulse_Rate":"89","Systolic_Blood_Pressure":"142","Diastolic_Blood_Pressure":"91","Temperature":"96.5","SPO2":"96","Blood_Sugar":"no","Blood_Sugar_level":"0","Remarks":"","current_problems":"Body ache, knee pain, backache ","Other_comment":"","Type_of_Consulting":"Realtime","Assigned_Doctor":"Dr. Mrinmoy Bera","Consultation_Date":"2022-07-10","Consultation_Time":"00:00:00","Patient_Registration_Number":"K07220001901","ID":"13"},
{"date":"2022-07-10","Day_Card_No":"13","Name":"Pawal Surin","Age":"69","Gender":"Male","Weight":"45","Height":"158","Pulse_Rate":"71","Systolic_Blood_Pressure":"118","Diastolic_Blood_Pressure":"72","Temperature":"","SPO2":"98","Blood_Sugar":"","Blood_Sugar_level":"0","Remarks":"","current_problems":"Headache, ","Other_comment":"","Type_of_Consulting":"","Assigned_Doctor":"Dr. Mrinmoy Bera","Consultation_Date":"2022-07-10","Consultation_Time":"13:08:48","Patient_Registration_Number":"K0722","ID":"14"},
{"date":"2022-07-16","Day_Card_No":"14","Name":"Nimunti Surin","Age":"52","Gender":"Female","Weight":"51","Height":"158","Pulse_Rate":"74","Systolic_Blood_Pressure":"115","Diastolic_Blood_Pressure":"77","Temperature":"97.1","SPO2":"95","Blood_Sugar":"None","Blood_Sugar_level":"0","Remarks":"à¤•à¥‹à¤ˆ à¤¨à¤¹à¥€à¤‚","current_problems":"à¤¸à¤¾à¤‚à¤¸ à¤²à¥‡à¤¨à¥‡ à¤®à¥‡à¤‚ à¤¤à¤•à¤²à¥€à¤«,à¤›à¤¾à¤¤à¥€ à¤®à¥‡à¤‚ à¤¦à¤°à¥à¤¦,à¤¸à¤°à¤¦à¤°à¥à¤¦,à¤ªà¥€à¤  à¤¦à¤°à¥à¤¦,à¤œà¥‹à¤¡à¤¼à¥‹à¤‚ à¤•à¤¾ à¤¦à¤°à¥à¤¦","Other_comment":"","Type_of_Consulting":"Real time","Assigned_Doctor":"Dr. Mrinmoy Bera","Consultation_Date":"2022-07-10","Consultation_Time":"12:30:00","Patient_Registration_Number":"K07220003102","ID":"15"},
{"date":"2022-07-16","Day_Card_No":"15","Name":"Shila Devi","Age":"23","Gender":"Female","Weight":"33","Height":"147","Pulse_Rate":"70","Systolic_Blood_Pressure":"100","Diastolic_Blood_Pressure":"54","Temperature":"97","SPO2":"97","Blood_Sugar":"None","Blood_Sugar_level":"0","Remarks":"à¤•à¥‹à¤ˆ à¤¨à¤¹à¥€à¤‚","current_problems":"à¤¦à¥à¤°à¥à¤¬à¤²à¤¤à¤¾","Other_comment":"","Type_of_Consulting":"Real time","Assigned_Doctor":"Dr. Mrinmoy Bera","Consultation_Date":"2022-07-10","Consultation_Time":"11:15:00","Patient_Registration_Number":"K0722000402","ID":"16"},
{"date":"2022-07-09","Day_Card_No":"2","Name":"Emanuel Surin","Age":"64","Gender":"Male","Weight":"62","Height":"166","Pulse_Rate":"71","Systolic_Blood_Pressure":"147","Diastolic_Blood_Pressure":"77","Temperature":"","SPO2":"96","Blood_Sugar":"NO","Blood_Sugar_level":"0","Remarks":"à¤•à¥‹à¤ˆ à¤¨à¤¹à¥€à¤‚","current_problems":"Old leg injury, infection","Other_comment":"Purana Paw Ghaw ","Type_of_Consulting":"Real time","Assigned_Doctor":"Dr. Mrinmoy Bera","Consultation_Date":"2022-07-10","Consultation_Time":"11:10:00","Patient_Registration_Number":"K07220004401","ID":"3"},
{"date":"2022-07-16","Day_Card_No":"20","Name":"Kolostika Samad","Age":"24","Gender":"Female","Weight":"44","Height":"148","Pulse_Rate":"77","Systolic_Blood_Pressure":"99","Diastolic_Blood_Pressure":"63","Temperature":"97","SPO2":"96","Blood_Sugar":"None","Blood_Sugar_level":"0","Remarks":"à¤•à¥‹à¤ˆ à¤¨à¤¹à¥€à¤‚","current_problems":"à¤¸à¤°à¤¦à¤°à¥à¤¦,à¤¦à¥à¤°à¥à¤¬à¤²à¤¤à¤¾","Other_comment":"","Type_of_Consulting":"Real time","Assigned_Doctor":"Dr. Mrinmoy Bera","Consultation_Date":"2022-07-10","Consultation_Time":"01:45:00","Patient_Registration_Number":"K07220004903","ID":"17"},
{"date":"2022-07-18","Day_Card_No":"22","Name":"Naimon Surin","Age":"70","Gender":"Male","Weight":"49","Height":"158","Pulse_Rate":"100","Systolic_Blood_Pressure":"149","Diastolic_Blood_Pressure":"76","Temperature":"97","SPO2":"98","Blood_Sugar":"None","Blood_Sugar_level":"0","Remarks":"à¤•à¥‹à¤ˆ à¤¨à¤¹à¥€à¤‚","current_problems":"à¤œà¥‹à¤¡à¤¼à¥‹à¤‚ à¤•à¤¾ à¤¦à¤°à¥à¤¦,à¤¦à¥à¤°à¥à¤¬à¤²à¤¤à¤¾","Other_comment":"","Type_of_Consulting":"Real time","Assigned_Doctor":"Dr. Mrinmoy Bera","Consultation_Date":"2022-07-10","Consultation_Time":"02:55:00","Patient_Registration_Number":"K07220001501","ID":"18"},
{"date":"2022-07-18","Day_Card_No":"23","Name":"Jolen Surin","Age":"63","Gender":"Male","Weight":"48","Height":"163","Pulse_Rate":"71","Systolic_Blood_Pressure":"120","Diastolic_Blood_Pressure":"68","Temperature":"98","SPO2":"95","Blood_Sugar":"None","Blood_Sugar_level":"0","Remarks":"à¤†à¤‚à¤– à¤•à¤¾ à¤«à¥‡à¤•à¤¾à¤ªà¤¾à¤¨,à¤¶à¤°à¥€à¤° à¤®à¥‡à¤‚ à¤¯à¤¾ à¤ªà¥ˆà¤° à¤®à¥‡à¤‚ à¤¸à¥‚à¤œà¤¨","current_problems":"à¤¸à¤¾à¤‚à¤¸ à¤²à¥‡à¤¨à¥‡ à¤®à¥‡à¤‚ à¤¤à¤•à¤²à¥€à¤«,à¤—à¤²à¥‡ à¤•à¥€ à¤ªà¤°à¥‡à¤¶à¤¾à¤¨à¥€,à¤›à¤¾à¤¤à¥€ à¤®à¥‡à¤‚ à¤¦à¤°à¥à¤¦,à¤—à¤°à¥à¤¦à¤¨ à¤¦à¤°à¥à¤¦,à¤†à¤à¤– à¤•à¥€ à¤ªà¤°à¥‡à¤¶à¤¾à¤¨à¥€,à¤—à¥ˆà¤¸ \/ à¤…à¤®à¥à¤²à¤¤à¤¾","Other_comment":"","Type_of_Consulting":"Real time","Assigned_Doctor":"Dr. Mrinmoy Bera","Consultation_Date":"2022-07-10","Consultation_Time":"01:15:00","Patient_Registration_Number":"K07220003101","ID":"19"},
{"date":"2022-07-18","Day_Card_No":"24","Name":"Santosh Surin","Age":"37","Gender":"Male","Weight":"60","Height":"166","Pulse_Rate":"73","Systolic_Blood_Pressure":"133","Diastolic_Blood_Pressure":"79","Temperature":"96","SPO2":"94","Blood_Sugar":"None","Blood_Sugar_level":"0","Remarks":"à¤†à¤‚à¤– à¤•à¤¾ à¤«à¥‡à¤•à¤¾à¤ªà¤¾à¤¨","current_problems":"à¤­à¥‚à¤– à¤®à¥‡à¤‚ à¤•à¤®à¥€,à¤œà¥‹à¤¡à¤¼à¥‹à¤‚ à¤•à¤¾ à¤¦à¤°à¥à¤¦,à¤¦à¥à¤°à¥à¤¬à¤²à¤¤à¤¾,à¤†à¤‚à¤–à¥‹à¤‚ à¤•à¥€ à¤°à¥‹à¤¶à¤¨à¥€ à¤•à¥‡ à¤¸à¤¾à¤¥ à¤¸à¤®à¤¸à¥à¤¯à¤¾","Other_comment":"","Type_of_Consulting":"Real time","Assigned_Doctor":"Assigned Doctor","Consultation_Date":"2022-07-10","Consultation_Time":"02:35:00","Patient_Registration_Number":"K07220001101","ID":"20"},
{"date":"2022-07-16","Day_Card_No":"3","Name":"Sutughan Surin","Age":"49","Gender":"Male","Weight":"50","Height":"171","Pulse_Rate":"95","Systolic_Blood_Pressure":"126","Diastolic_Blood_Pressure":"89","Temperature":"95.7","SPO2":"97","Blood_Sugar":"N0ne","Blood_Sugar_level":"0","Remarks":"à¤•à¥‹à¤ˆ à¤¨à¤¹à¥€à¤‚","current_problems":"à¤¸à¤¾à¤‚à¤¸ à¤²à¥‡à¤¨à¥‡ à¤®à¥‡à¤‚ à¤¤à¤•à¤²à¥€à¤«,à¤›à¤¾à¤¤à¥€ à¤®à¥‡à¤‚ à¤¦à¤°à¥à¤¦,à¤ªà¥€à¤  à¤¦à¤°à¥à¤¦","Other_comment":"","Type_of_Consulting":"Real time","Assigned_Doctor":"Dr Prabir Chatterjee","Consultation_Date":"2022-07-13","Consultation_Time":"10:45:00","Patient_Registration_Number":"K07220003301","ID":"4"},
{"date":"2022-07-28","Day_Card_No":"30","Name":"Nimunti Surin","Age":"52","Gender":"Female","Weight":"52","Height":"167","Pulse_Rate":"67","Systolic_Blood_Pressure":"117","Diastolic_Blood_Pressure":"80","Temperature":"95","SPO2":"96","Blood_Sugar":"No","Blood_Sugar_level":"0","Remarks":"à¤•à¥‹à¤ˆ à¤¨à¤¹à¥€à¤‚","current_problems":"à¤«à¥‰à¤²à¥‹à¤…à¤ª à¤šà¥‡à¤• à¤…à¤ª ,à¤¸à¤¾à¤‚à¤¸ à¤²à¥‡à¤¨à¥‡ à¤®à¥‡à¤‚ à¤¤à¤•à¤²à¥€à¤«,à¤›à¤¾à¤¤à¥€ à¤®à¥‡à¤‚ à¤¦à¤°à¥à¤¦,à¤ªà¥€à¤  à¤¦à¤°à¥à¤¦,Other","Other_comment":"Pet Dard. Kamar Dard.","Type_of_Consulting":"Differed","Assigned_Doctor":"Dr. Mrinmoy Bera","Consultation_Date":"2022-08-01","Consultation_Time":"11:00:00","Patient_Registration_Number":"K0722000402","ID":"21"},
{"date":"2022-07-28","Day_Card_No":"33","Name":"Nimunti Surin","Age":"52","Gender":"Female","Weight":"33","Height":"33","Pulse_Rate":"33","Systolic_Blood_Pressure":"33","Diastolic_Blood_Pressure":"33","Temperature":"33","SPO2":"33","Blood_Sugar":"No","Blood_Sugar_level":"0","Remarks":"à¤•à¥‹à¤ˆ à¤¨à¤¹à¥€à¤‚","current_problems":"à¤«à¥‰à¤²à¥‹à¤…à¤ª à¤šà¥‡à¤• à¤…à¤ª ,à¤¸à¤¾à¤‚à¤¸ à¤²à¥‡à¤¨à¥‡ à¤®à¥‡à¤‚ à¤¤à¤•à¤²à¥€à¤«,à¤›à¤¾à¤¤à¥€ à¤®à¥‡à¤‚ à¤¦à¤°à¥à¤¦","Other_comment":"","Type_of_Consulting":"Real time","Assigned_Doctor":"Dr. Mrinmoy Bera","Consultation_Date":"2022-07-28","Consultation_Time":"12:12:00","Patient_Registration_Number":"K0722000402","ID":"22"},
{"date":"2022-07-09","Day_Card_No":"4","Name":"Telani Surin","Age":"62","Gender":"Female","Weight":"50","Height":"147","Pulse_Rate":"83","Systolic_Blood_Pressure":"148","Diastolic_Blood_Pressure":"78","Temperature":"97.1","SPO2":"99","Blood_Sugar":"","Blood_Sugar_level":"0","Remarks":"","current_problems":"Skin disease, high BP","Other_comment":"Skin disease","Type_of_Consulting":"","Assigned_Doctor":"Dr. Mrinmoy Bera","Consultation_Date":"2022-07-10","Consultation_Time":"12:00:00","Patient_Registration_Number":"K07220001502","ID":"5"},
{"date":"2022-07-28","Day_Card_No":"44","Name":"Nimunti Surin","Age":"52","Gender":"Female","Weight":"44","Height":"44","Pulse_Rate":"44","Systolic_Blood_Pressure":"44","Diastolic_Blood_Pressure":"44","Temperature":"44","SPO2":"44","Blood_Sugar":"","Blood_Sugar_level":"0","Remarks":"à¤•à¥‹à¤ˆ à¤¨à¤¹à¥€à¤‚","current_problems":"à¤¸à¤¾à¤‚à¤¸ à¤²à¥‡à¤¨à¥‡ à¤®à¥‡à¤‚ à¤¤à¤•à¤²à¥€à¤«,à¤«à¤¿à¤Ÿà¤¨à¥‡à¤¸ à¤ªà¥à¤°à¤®à¤¾à¤£ à¤ªà¤¤à¥à¤°,à¤¤à¥à¤µà¤šà¤¾ à¤•à¥€ à¤à¤²à¤°à¥à¤œà¥€ à¤”à¤° à¤¸à¤‚à¤•à¥à¤°à¤®à¤£","Other_comment":"","Type_of_Consulting":"Differed","Assigned_Doctor":"Dr. Mrinmoy Bera","Consultation_Date":"2022-08-01","Consultation_Time":"12:18:00","Patient_Registration_Number":"K0722000402","ID":"23"},
{"date":"2022-07-09","Day_Card_No":"5","Name":"Soma Surin","Age":"60","Gender":"Male","Weight":"46","Height":"168","Pulse_Rate":"83","Systolic_Blood_Pressure":"100","Diastolic_Blood_Pressure":"62","Temperature":"96.4","SPO2":"97","Blood_Sugar":"no","Blood_Sugar_level":"0","Remarks":"","current_problems":"Neck, breathing trouble, bad eye sight","Other_comment":"","Type_of_Consulting":"","Assigned_Doctor":"Dr. Mrinmoy Bera","Consultation_Date":"2022-07-10","Consultation_Time":"11:30:00","Patient_Registration_Number":"K07220002701","ID":"6"},
{"date":"2022-07-26","Day_Card_No":"59002","Name":"Salan Surin","Age":"24","Gender":"Male","Weight":"78","Height":"138","Pulse_Rate":"76","Systolic_Blood_Pressure":"62","Diastolic_Blood_Pressure":"67","Temperature":"98","SPO2":"10","Blood_Sugar":"none","Blood_Sugar_level":"0","Remarks":"à¤¹à¤¾à¤¥ à¤•à¥‡ à¤¨à¤¾à¤–à¥à¤¨ à¤®à¥‡à¤°à¥‡ à¤¸à¥à¤œà¤¾à¤¨","current_problems":"à¤«à¥‰à¤²à¥‹à¤…à¤ª à¤šà¥‡à¤• à¤…à¤ª ,à¤¬à¥à¤–à¤¾à¤°","Other_comment":"","Type_of_Consulting":"Real time","Assigned_Doctor":"Dr Punyabrata Gun","Consultation_Date":"2022-07-27","Consultation_Time":"11:45:00","Patient_Registration_Number":"K0722002501","ID":"28"},
{"date":"2022-07-09","Day_Card_No":"6","Name":"Bashanti Devi","Age":"60","Gender":"Female","Weight":"34","Height":"153","Pulse_Rate":"80","Systolic_Blood_Pressure":"125","Diastolic_Blood_Pressure":"73","Temperature":"97.7","SPO2":"95","Blood_Sugar":"","Blood_Sugar_level":"0","Remarks":"","current_problems":"breathing trouble, cough, BP","Other_comment":"","Type_of_Consulting":"","Assigned_Doctor":"Dr. Mrinmoy Bera","Consultation_Date":"2022-07-10","Consultation_Time":"11:45:00","Patient_Registration_Number":"S0722001601","ID":"7"},
{"date":"2022-07-09","Day_Card_No":"7","Name":"Uttam Surin","Age":"27","Gender":"Female","Weight":"35","Height":"162","Pulse_Rate":"115","Systolic_Blood_Pressure":"122","Diastolic_Blood_Pressure":"80","Temperature":"96.6","SPO2":"99","Blood_Sugar":"no","Blood_Sugar_level":"0","Remarks":"","current_problems":"Eye sight problem, low hemoglobin, weakness, giddiness","Other_comment":"Takes iron capsules","Type_of_Consulting":"","Assigned_Doctor":"Dr. Mrinmoy Bera","Consultation_Date":"2022-07-10","Consultation_Time":"12:30:00","Patient_Registration_Number":"K0722001503","ID":"8"},
{"date":"2022-07-28","Day_Card_No":"7889","Name":"Etwa Surin","Age":"34","Gender":"Female","Weight":"78","Height":"60","Pulse_Rate":"98","Systolic_Blood_Pressure":"78","Diastolic_Blood_Pressure":"89","Temperature":"98","SPO2":"65","Blood_Sugar":"none","Blood_Sugar_level":"0","Remarks":"à¤†à¤‚à¤– à¤•à¤¾ à¤«à¥‡à¤•à¤¾à¤ªà¤¾à¤¨","current_problems":"à¤«à¥‰à¤²à¥‹à¤…à¤ª à¤šà¥‡à¤• à¤…à¤ª ","Other_comment":"","Type_of_Consulting":"Real time","Assigned_Doctor":"Dr Prabir Chatterjee","Consultation_Date":"2022-07-28","Consultation_Time":"16:08:00","Patient_Registration_Number":"G0722002201","ID":"26"},
{"date":"2022-07-09","Day_Card_No":"8","Name":"<br \/><b>Notice<\/b>:  Undefined variable: name in <b>\/home\/i2l2patp0m5w\/public_html\/medical_consulta","Age":"0","Gender":"<br \/><b>Notice<\/b>:  Undefined variable: gender i","Weight":"48","Height":"160","Pulse_Rate":"98","Systolic_Blood_Pressure":"136","Diastolic_Blood_Pressure":"73","Temperature":"97.2","SPO2":"98","Blood_Sugar":"","Blood_Sugar_level":"0","Remarks":"à¤¶à¤°à¥€à¤° à¤®à¥‡à¤‚ à¤¯à¤¾ à¤ªà¥ˆà¤° à¤®à¥‡à¤‚ à¤¸à¥‚à¤œà¤¨","current_problems":"à¤ªà¥ˆà¤° \/ à¤˜à¥à¤Ÿà¤¨à¥‡ à¤•à¤¾ à¤¦à¤°à¥à¤¦,à¤—à¤°à¥à¤¦à¤¨ à¤¦à¤°à¥à¤¦,à¤ªà¥€à¤  à¤¦à¤°à¥à¤¦,à¤¹à¤¾à¤¥ à¤•à¤¾ à¤¦à¤°à¥à¤¦,à¤®à¤§à¥à¤®à¥‡à¤¹","Other_comment":"Knee pain. Taking medicine","Type_of_Consulting":"Real time","Assigned_Doctor":"Dr. Mrinmoy Bera","Consultation_Date":"2022-07-10","Consultation_Time":"12:30:00","Patient_Registration_Number":"<br \/><b>Notice<\/b>:  Undefined variable: reg_no in <b>\/home\/i2l2patp0m5w\/public_html\/medical_consul","ID":"9"},
{"date":"2022-07-09","Day_Card_No":"9","Name":"Jolen Surin","Age":"63","Gender":"Male","Weight":"48","Height":"163","Pulse_Rate":"71","Systolic_Blood_Pressure":"120","Diastolic_Blood_Pressure":"68","Temperature":"95.2","SPO2":"95","Blood_Sugar":"no","Blood_Sugar_level":"0","Remarks":"","current_problems":"Cough, TB detected before","Other_comment":"","Type_of_Consulting":"","Assigned_Doctor":"Dr. Mrinmoy Bera","Consultation_Date":"2022-07-10","Consultation_Time":"12:00:00","Patient_Registration_Number":null,"ID":"10"},
{"date":"2022-07-28","Day_Card_No":"D07220011","Name":"Atul Surin","Age":"18","Gender":"Male","Weight":"55","Height":"55","Pulse_Rate":"55","Systolic_Blood_Pressure":"55","Diastolic_Blood_Pressure":"55","Temperature":"55","SPO2":"55","Blood_Sugar":"","Blood_Sugar_level":"0","Remarks":"à¤•à¥‹à¤ˆ à¤¨à¤¹à¥€à¤‚","current_problems":"à¤¸à¤¾à¤‚à¤¸ à¤²à¥‡à¤¨à¥‡ à¤®à¥‡à¤‚ à¤¤à¤•à¤²à¥€à¤«,à¤›à¤¾à¤¤à¥€ à¤®à¥‡à¤‚ à¤¦à¤°à¥à¤¦","Other_comment":"Bad dreams","Type_of_Consulting":"Real time","Assigned_Doctor":"Dr. Mrinmoy Bera","Consultation_Date":"2022-07-28","Consultation_Time":"20:34:00","Patient_Registration_Number":"K0722001204","ID":"32"},
{"date":"2022-07-28","Day_Card_No":"D07220033","Name":"Saidan Surin","Age":"21","Gender":"Female","Weight":"50","Height":"50","Pulse_Rate":"50","Systolic_Blood_Pressure":"50","Diastolic_Blood_Pressure":"50","Temperature":"50","SPO2":"50","Blood_Sugar":"","Blood_Sugar_level":"0","Remarks":"à¤•à¥‹à¤ˆ à¤¨à¤¹à¥€à¤‚","current_problems":"à¤•à¥‹à¤®à¤¾à¤° à¤¦à¤°à¥à¤¦,à¤¬à¥à¤–à¤¾à¤°,à¤—à¤²à¥‡ à¤•à¥€ à¤ªà¤°à¥‡à¤¶à¤¾à¤¨à¥€","Other_comment":"This is any other comment","Type_of_Consulting":"Real time","Assigned_Doctor":"Dr. Mrinmoy Bera","Consultation_Date":"2022-07-28","Consultation_Time":"21:20:00","Patient_Registration_Number":"K0722000404","ID":"33"},
{"date":"2022-10-18","Day_Card_No":"D10220034","Name":"Nimunti Surin","Age":"52","Gender":"Female","Weight":"50","Height":"160","Pulse_Rate":"80","Systolic_Blood_Pressure":"120","Diastolic_Blood_Pressure":"72","Temperature":"98","SPO2":"96","Blood_Sugar":"","Blood_Sugar_level":"0","Remarks":"à¤¶à¤°à¥€à¤° à¤®à¥‡à¤‚ à¤¯à¤¾ à¤ªà¥ˆà¤° à¤®à¥‡à¤‚ à¤¸à¥‚à¤œà¤¨","current_problems":"à¤•à¥‹à¤®à¤¾à¤° à¤¦à¤°à¥à¤¦,à¤¬à¥à¤–à¤¾à¤°,à¤›à¤¾à¤¤à¥€ à¤®à¥‡à¤‚ à¤¦à¤°à¥à¤¦,à¤‰à¤²à¥à¤Ÿà¥€","Other_comment":"","Type_of_Consulting":"Real time","Assigned_Doctor":"Dr. Mrinmoy Bera","Consultation_Date":"2022-10-18","Consultation_Time":"15:07:00","Patient_Registration_Number":"K0722000402","ID":"34"},
{"date":"2022-10-19","Day_Card_No":"D10220035","Name":"Agnesia Surin","Age":"35","Gender":"Female","Weight":"52","Height":"162","Pulse_Rate":"96","Systolic_Blood_Pressure":"120","Diastolic_Blood_Pressure":"78","Temperature":"94.1","SPO2":"99","Blood_Sugar":"","Blood_Sugar_level":"0","Remarks":"à¤•à¥‹à¤ˆ à¤¨à¤¹à¥€à¤‚","current_problems":"à¤¸à¤°à¤¦à¤°à¥à¤¦","Other_comment":"","Type_of_Consulting":"Real time","Assigned_Doctor":"Dr Punyabrata Gun","Consultation_Date":"2022-10-19","Consultation_Time":"00:00:00","Patient_Registration_Number":"H0722002902","ID":"35"},
{"date":"2022-11-17","Day_Card_No":"D11220036","Name":"Sunira Kachhua","Age":"22","Gender":"Female","Weight":"45","Height":"156","Pulse_Rate":"81","Systolic_Blood_Pressure":"103","Diastolic_Blood_Pressure":"63","Temperature":"95.3","SPO2":"98","Blood_Sugar":"","Blood_Sugar_level":"0","Remarks":"à¤•à¥‹à¤ˆ à¤¨à¤¹à¥€à¤‚","current_problems":"à¤°à¤•à¥à¤¤à¤šà¤¾à¤ª,à¤¦à¥à¤°à¥à¤¬à¤²à¤¤à¤¾,Other Irregular periods, weakness","Other_comment":"Irregular periods, weakness","Type_of_Consulting":"Real time","Assigned_Doctor":"Dr Punyabrata Gun","Consultation_Date":"2022-11-17","Consultation_Time":"11:00:00","Patient_Registration_Number":"H0822002902","ID":"36"}
]

