[
{"pat1":"D0722002001","fam1":"Kole Barla","pat2":"D0722002002","fam2":"Amar Barla","pat3":"D0722002003","fam3":"Bimal Barla","pat4":"D0722002004","fam4":"Vijay Barla","pat5":"D0722002005","fam5":"Vinay Barla","pat6":"D0722002006","fam6":" Mangri Barla","pat7":"D0722002007","fam7":" ","pat8":"D0722002008","fam8":" ","add_pat1":"","add_pat2":"","add_pat3":"","add_pat4":"","add_pat5":"","add_pat6":"","Family_Registration_No":"D07220020"},
{"pat1":"G0722002201","fam1":"Etwa Surin","pat2":"G0722002202","fam2":"Sirmani Surin","pat3":"G0722002203","fam3":"Sapira Surin","pat4":"G0722002204","fam4":"Samuel Surin","pat5":"G0722002205","fam5":"Santinel Surin","pat6":"","fam6":"","pat7":"","fam7":" ","pat8":"","fam8":" ","add_pat1":"","add_pat2":"","add_pat3":"","add_pat4":"","add_pat5":"","add_pat6":"","Family_Registration_No":"D07220022"},
{"pat1":"K0722002401","fam1":"Emanuel Surin","pat2":"K0722002402","fam2":"Jawanti Surin","pat3":"K0722002403","fam3":"Namomi Surin","pat4":"K0722002404","fam4":"Emanuel Kongari","pat5":"","fam5":"","pat6":"","fam6":"","pat7":"","fam7":" ","pat8":"","fam8":" ","add_pat1":"","add_pat2":"","add_pat3":"","add_pat4":"","add_pat5":"","add_pat6":"","Family_Registration_No":"D07220024"},
{"pat1":"H0722001801","fam1":"Marsalan surin","pat2":"H0722001802","fam2":"Jilini surin","pat3":"H0722001803","fam3":"Abhishek surin","pat4":"H0722001804","fam4":"Shrishti surin","pat5":"H0722001805","fam5":"Jolen surin","pat6":"H07220001906","fam6":" ","pat7":"H0722001807","fam7":" ","pat8":"H0722001808","fam8":" ","add_pat1":"H0722001811","add_pat2":"H0722001812","add_pat3":"H0722001813","add_pat4":"H072200114","add_pat5":"H0722001815","add_pat6":"H0722001816","Family_Registration_No":"H07220018"},
{"pat1":"H0722002701","fam1":"New Family Regn","pat2":"H0722002702","fam2":"Srijnan Sanyal","pat3":"H0722002703","fam3":" ","pat4":"H0722002704","fam4":"","pat5":"H0722002705","fam5":" ","pat6":"H0722002706","fam6":" ","pat7":"H0722002707","fam7":" ","pat8":"H0722002708","fam8":" ","add_pat1":"H0722002711","add_pat2":"H0722002712","add_pat3":"H0722002713","add_pat4":"H0722002714","add_pat5":"H0722002715","add_pat6":"H0722002716","Family_Registration_No":"H07220027"},
{"pat1":"H0822002901","fam1":"Manoj Lohra","pat2":"H0822002902","fam2":"Sumira Kachchua","pat3":"H0822002903","fam3":"Mikhel Lohra","pat4":"H0822002904","fam4":"jyoti Kumari","pat5":"H0822002905","fam5":" ","pat6":"H0822002906","fam6":" ","pat7":"H0822002907","fam7":" ","pat8":"H0822002908","fam8":" ","add_pat1":"H0822002911","add_pat2":"H0822002912","add_pat3":"H0822002913","add_pat4":"H0822002914","add_pat5":"H0822002915","add_pat6":"H0822002916","Family_Registration_No":"H08220029"},
{"pat1":"K0722000101","fam1":"Dipak Naik","pat2":"K0722000102","fam2":"Shila Devi","pat3":"K0722000103","fam3":"Baby Kumari","pat4":"K0722000104","fam4":"Prince Naik","pat5":"K0722000105","fam5":" ","pat6":"K0722000106","fam6":" ","pat7":"K0722000107","fam7":" ","pat8":"K0722000108","fam8":" ","add_pat1":"K0722000111","add_pat2":"K0722000112","add_pat3":"K0722000113","add_pat4":"K0722000114","add_pat5":"K0722000115","add_pat6":"K0722000116","Family_Registration_No":"K07220001"},
{"pat1":"K07220001901","fam1":"Roshan surin","pat2":"K07220001902","fam2":"Jivanti barla ","pat3":"K07220001903","fam3":"Anjel surin","pat4":"K07220001904","fam4":"","pat5":"K07220001905","fam5":" ","pat6":"K07220001906","fam6":" ","pat7":"K07220001907","fam7":" ","pat8":"K07220001908","fam8":" ","add_pat1":"K07220001911","add_pat2":"K07220001912","add_pat3":"K07220001913","add_pat4":"K07220001914","add_pat5":"K07220001915","add_pat6":"K07220001916","Family_Registration_No":"K072200019"},
{"pat1":"K0722000201","fam1":"Digu Surin ","pat2":"K0722000002","fam2":"Suray Surin ","pat3":"K0722000203","fam3":"Shoshan Surin ","pat4":"K0722000204","fam4":"Biji Surin ","pat5":"K0722000205","fam5":"Moylen Surin ","pat6":"K0722000206","fam6":"Munika Surin ","pat7":"K0722000207","fam7":"Mangri Surin","pat8":"K0722000208","fam8":" ","add_pat1":"K0722000211","add_pat2":"K0722000212","add_pat3":"K0722000213","add_pat4":"K0722000214","add_pat5":"K0722000215","add_pat6":"K0722000216","Family_Registration_No":"K07220002"},
{"pat1":"K0722000401","fam1":"Jolen Surin","pat2":"K0722000402","fam2":"Nimunti Surin","pat3":"K0722000403","fam3":"Sugandhit Surin","pat4":"K0722000404","fam4":"Saidan Surin","pat5":"K0722000405","fam5":"Snehlata Surin","pat6":"K07220003106","fam6":"Suman Surin","pat7":"K07220003107","fam7":"Rahil Surin","pat8":"K0722000408","fam8":" ","add_pat1":"K0722000411","add_pat2":"K0722000412","add_pat3":"K0722000413","add_pat4":"K0722000414","add_pat5":"K0722000415","add_pat6":"K0722000416","Family_Registration_No":"K07220004"},
{"pat1":"K0722000501","fam1":"Baji Munda","pat2":"","fam2":"","pat3":"","fam3":"","pat4":"","fam4":"","pat5":"","fam5":"","pat6":"","fam6":"","pat7":"","fam7":"","pat8":"","fam8":" ","add_pat1":"K0722000511","add_pat2":"K0722000512","add_pat3":"K0722000513","add_pat4":"K0722000514","add_pat5":"K0722000515","add_pat6":"K0722000516","Family_Registration_No":"K07220005"},
{"pat1":"K0722000601","fam1":"Emanuel Surin","pat2":"K0722000602","fam2":"Jawanti Surin","pat3":"K0722000603","fam3":"Namani Surin","pat4":"K0722000604","fam4":"Emanuel Kongari","pat5":"K0722000605","fam5":" ","pat6":"K0722000606","fam6":" ","pat7":"K0722000607","fam7":" ","pat8":"K0722000608","fam8":" ","add_pat1":"K0722000611","add_pat2":"K0722000612","add_pat3":"K0722000613","add_pat4":"K0722000614","add_pat5":"K0722000615","add_pat6":"K0722000616","Family_Registration_No":"K07220006"},
{"pat1":"K0722000701","fam1":"Sutughan Surin","pat2":"K0722000702","fam2":"Arsaliani Surin","pat3":"K0722000703","fam3":"Premdas Surin","pat4":"K0722000704","fam4":"Nirali Surin","pat5":"K0722000705","fam5":"Jaideep Surin","pat6":"K0722000706","fam6":"Sushila Surin","pat7":"K0722000707","fam7":"Sunaina Surin","pat8":"K0722000708","fam8":" ","add_pat1":"K0722000711","add_pat2":"K0722000712","add_pat3":"K0722000713","add_pat4":"K0722000714","add_pat5":"K0722000715","add_pat6":"K0722000716","Family_Registration_No":"K07220007"},
{"pat1":"K0722000801","fam1":"Soma Surin","pat2":"K0722000802","fam2":"Helen Surin","pat3":"K0722000803","fam3":"Puran Surin","pat4":"K0722000804","fam4":"Pawan Surin","pat5":"K0722000805","fam5":" ","pat6":"K0722000806","fam6":" ","pat7":"K0722000807","fam7":" ","pat8":"K0722000808","fam8":" ","add_pat1":"K0722000811","add_pat2":"K0722000812","add_pat3":"K0722000813","add_pat4":"K0722000814","add_pat5":"K0722000815","add_pat6":"K0722000816","Family_Registration_No":"K07220008"},
{"pat1":"K0722000901","fam1":"Suleman Surin","pat2":"K0722000902","fam2":"Priya Surin","pat3":"K0722000903","fam3":"Habil Surin","pat4":"K0722000904","fam4":"Bilasi Surin","pat5":"K0722000905","fam5":"Roshanti Surin","pat6":"","fam6":"","pat7":"","fam7":"","pat8":"","fam8":"","add_pat1":"K0722000911","add_pat2":"K0722000912","add_pat3":"K0722000913","add_pat4":"K0722000914","add_pat5":"K0722000915","add_pat6":"K0722000916","Family_Registration_No":"K07220009"},
{"pat1":"K0722001001","fam1":"Junul Surin","pat2":"K0722001002","fam2":"Juliani Surin","pat3":"K0722001003","fam3":"Jyotish Surin","pat4":"K0722001004","fam4":"Munika Horo","pat5":"K0722001005","fam5":"Kiran Surin","pat6":"K07220010606","fam6":"Premi Surin","pat7":"K0722001007","fam7":"Ismail Surin","pat8":"K0722001008","fam8":" ","add_pat1":"K0722001011","add_pat2":"K0722001012","add_pat3":"K0722001013","add_pat4":"K0722001014","add_pat5":"K0722001015","add_pat6":"K0722001016","Family_Registration_No":"K07220010"},
{"pat1":"K0722001101","fam1":"Santosh Surin","pat2":"K0722001102","fam2":"Seteng Surin","pat3":"K0722001103","fam3":"Senen Surin","pat4":"K0722001104","fam4":"Akash Surin","pat5":"K0722001105","fam5":" ","pat6":"","fam6":"","pat7":"","fam7":"","pat8":"","fam8":"","add_pat1":"K0722001111","add_pat2":"K0722001112","add_pat3":"K0722001113","add_pat4":"K0722001114","add_pat5":"K0722001115","add_pat6":"K0722001116","Family_Registration_No":"K07220011"},
{"pat1":"K0722001201","fam1":"Pawal Surin","pat2":"K0722001202","fam2":"Ilisabha Surin","pat3":"K0722001203","fam3":"Ashish Surin","pat4":"K0722001204","fam4":"Atul Surin","pat5":"K0722001205","fam5":"Josinta Topno","pat6":"K0722001206","fam6":"Birjinia Surin","pat7":"K0722001207","fam7":" Praveen Lugun","pat8":"K0722001208","fam8":" ","add_pat1":"K0722001211","add_pat2":"K0722001212","add_pat3":"K0722001213","add_pat4":"K0722001214","add_pat5":"K0722001215","add_pat6":"K0722001216","Family_Registration_No":"K07220012"},
{"pat1":"K0722001301","fam1":"Sugar Surin","pat2":"K0722001302","fam2":"Jeren Surin","pat3":"K0722001303","fam3":"Martha Samad","pat4":"K0722001304","fam4":"Lebeyani Surin","pat5":"K0722001305","fam5":"Aster Surin","pat6":"K0722001306","fam6":"Ribika Surin","pat7":"K0722001307","fam7":"Eaden Surin","pat8":"","fam8":" ","add_pat1":"","add_pat2":"","add_pat3":"","add_pat4":"","add_pat5":"","add_pat6":"","Family_Registration_No":"K07220013"},
{"pat1":"K0722001401","fam1":"Saban Kalyan Topno","pat2":"","fam2":"","pat3":"","fam3":"","pat4":"","fam4":"","pat5":"","fam5":"","pat6":"","fam6":"","pat7":"","fam7":"","pat8":"","fam8":" ","add_pat1":"","add_pat2":"","add_pat3":"","add_pat4":"","add_pat5":"","add_pat6":"","Family_Registration_No":"K07220014"},
{"pat1":"K0722001501","fam1":"Naimon Surin","pat2":"K0722001502","fam2":"Telani Surin","pat3":"K0722001503","fam3":"Uttam Surin","pat4":"K0722001504","fam4":"","pat5":"K0722001505","fam5":" ","pat6":"K0722001506","fam6":" ","pat7":"K0722001507","fam7":" ","pat8":"K0722001508","fam8":" ","add_pat1":"K0722001511","add_pat2":"K07220001512","add_pat3":"K0722001513","add_pat4":"K0722001514","add_pat5":"K0722001515","add_pat6":"K0722001516","Family_Registration_No":"K07220015"},
{"pat1":"K0722001701","fam1":"Rajesh Kongadi","pat2":"K0722001702","fam2":"Susana Kongadi","pat3":"K0722001703","fam3":"Pramod Kongadi","pat4":"K0722001704","fam4":"Pradeep Kongadi","pat5":"K0722001705","fam5":"Nisi Kongadi","pat6":"K0722001706","fam6":"Manhem Kongadi","pat7":"","fam7":" ","pat8":"","fam8":" ","add_pat1":"","add_pat2":"","add_pat3":"","add_pat4":"","add_pat5":"","add_pat6":"","Family_Registration_No":"K07220017"},
{"pat1":"K0722001801","fam1":"Marselan Surin","pat2":"K0722001802","fam2":"Jilini Surin","pat3":"K0722001803","fam3":"Abhishek Surin","pat4":"K0722001804","fam4":"Shristi Surin","pat5":"K0722001805","fam5":"Jolen Surin","pat6":"","fam6":"","pat7":"","fam7":" ","pat8":"","fam8":" ","add_pat1":"","add_pat2":"","add_pat3":"","add_pat4":"","add_pat5":"","add_pat6":"","Family_Registration_No":"K07220018"},
{"pat1":"K0722001901","fam1":"Binodi Surin","pat2":"K0722001902","fam2":"Sifin Surin","pat3":"K0722001903","fam3":"Askeran Surin","pat4":"K0722001904","fam4":"Suman Surin","pat5":"K0722001905","fam5":"Prasant Surin","pat6":"K0722001906","fam6":"Matan Surin","pat7":"","fam7":" ","pat8":"","fam8":" ","add_pat1":"","add_pat2":"","add_pat3":"","add_pat4":"","add_pat5":"","add_pat6":"","Family_Registration_No":"K07220019"},
{"pat1":"K0722002101","fam1":"Albis Surin","pat2":"K0722002102","fam2":"Clara Surin","pat3":"K0722002103","fam3":"Shristi Surin","pat4":"K0722002104","fam4":"Anisa Surin","pat5":"","fam5":"","pat6":"","fam6":"","pat7":"","fam7":" ","pat8":"","fam8":" ","add_pat1":"","add_pat2":"","add_pat3":"","add_pat4":"","add_pat5":"","add_pat6":"","Family_Registration_No":"K07220021"},
{"pat1":"K0722002501","fam1":"Salan Surin","pat2":"K0722002502","fam2":"Yakub Surin","pat3":"K0722002503","fam3":"Jiden Tiru","pat4":"K0722002504","fam4":"","pat5":"K0722002505","fam5":" ","pat6":"K0722002506","fam6":" ","pat7":"K0722002507","fam7":" ","pat8":"K0722002508","fam8":" ","add_pat1":"K07220002511","add_pat2":"K07220002512","add_pat3":"K07220002513","add_pat4":"K07220002514","add_pat5":"K07220002515","add_pat6":"K07220002516","Family_Registration_No":"K07220025"},
{"pat1":"K0722002701","fam1":"Dilip Ram ","pat2":"K0722002702","fam2":"Muni Devi","pat3":"K0722002703","fam3":"Roshni Kumari","pat4":"K0722002704","fam4":"Reshmi Kumari","pat5":"K0722002705","fam5":"Nisha Kumari","pat6":"K0722002706","fam6":"Siwanand Ram","pat7":"K0722002707","fam7":" ","pat8":"K0722002708","fam8":" ","add_pat1":"K0722002711","add_pat2":"K0722002712","add_pat3":"K0722002713","add_pat4":"K0722002714","add_pat5":"K0722002715","add_pat6":"K0722002716","Family_Registration_No":"K07220027"},
{"pat1":"K1122003501","fam1":"Sainika Surin","pat2":"K1122003502","fam2":"Poonam Surin","pat3":"K1122003503","fam3":"Anisha Surin","pat4":"K1122003504","fam4":"Akash Surin","pat5":"K1122003505","fam5":"Anushka Surin","pat6":"K1122003506","fam6":" ","pat7":"K1122003507","fam7":" ","pat8":"K1122003508","fam8":" ","add_pat1":"K1122003511","add_pat2":"K1122003512","add_pat3":"K1122003513","add_pat4":"K1122003514","add_pat5":"K1122003515","add_pat6":"K1122003516","Family_Registration_No":"K11220035"},
{"pat1":"S0722001601","fam1":"Bashanti Surin","pat2":"S0722001602","fam2":"Rut Surin","pat3":"S0722001603","fam3":"Bilasi Surin","pat4":"S0722001604","fam4":"Harshit Surin","pat5":"S0722001605","fam5":" ","pat6":"S0722001606","fam6":" ","pat7":"S0722001607","fam7":" ","pat8":"S0722001608","fam8":" ","add_pat1":"S07220001511","add_pat2":"S07220001512","add_pat3":"S07220001513","add_pat4":"S07220001514","add_pat5":"S07220001515","add_pat6":"S07220001516","Family_Registration_No":"S07220016"},
{"pat1":"S0722001701","fam1":"Rajesh kongadi","pat2":"S0722001702","fam2":"Susana kongadi","pat3":"S0722001703","fam3":"Parmod kongadi","pat4":"S0722001704","fam4":"Pardeep kongadi","pat5":"S0722001705","fam5":"Nisi guria","pat6":"S0722001706","fam6":"Manhem surin","pat7":"S0722001707","fam7":" ","pat8":"S0722001708","fam8":" ","add_pat1":"S07220001911","add_pat2":"S07220001912","add_pat3":"S07220001913","add_pat4":"S07220001914","add_pat5":"S07220001915","add_pat6":"S07220001916","Family_Registration_No":"S07220017"},
{"pat1":"U0722002301","fam1":"Niranjan surin","pat2":"U0722002302","fam2":"jasmanti surin","pat3":"U0722002303","fam3":"Sandeep surin","pat4":"U0722002304","fam4":"Dilbar surin","pat5":"U0722002305","fam5":"Asha surin","pat6":"U0722002306","fam6":"Ashma surin","pat7":"U0722002307","fam7":"Elya surin","pat8":"U0722002308","fam8":"Suleman surin","add_pat1":"","add_pat2":"","add_pat3":"","add_pat4":"","add_pat5":"","add_pat6":"","Family_Registration_No":"U07220023"},
{"pat1":"U0722002601","fam1":"Junas surin","pat2":"U0722002602","fam2":"Margrate surin","pat3":"U0722002603","fam3":"Nirmala surin","pat4":"U0722002604","fam4":"Prame chand surin","pat5":"U0722002605","fam5":"Ranuka surin","pat6":"U0722002606","fam6":"Saroj surin","pat7":"U0722002607","fam7":" ","pat8":"U0722002608","fam8":" ","add_pat1":"U07220002611","add_pat2":"U07220002612","add_pat3":"U07220002613","add_pat4":"U07220002614","add_pat5":"U07220002615","add_pat6":"U07220002616","Family_Registration_No":"U07220026"}
]

