[
{"ID":"1","Date_of_Enrollment":"2022-07-01","name":"Priya Surin","per_reg":"K0722000902","pat_ticket_id":"220701010","rel_cwe":"Spouse","gender":"Female","dob":"1994-07-23","edu":"Education","prof":"à¤¸à¤®à¤¾à¤œ à¤¸à¥‡à¤µà¤•","mar_stat":"Married","height":"","weight":"38","temp":"98.2","pulse":"76","s_bp":"89","d_bp":"57","spo2":"","diab":"Dont Know","asthma":"No","smoke":"à¤•à¤­à¥€ à¤§à¥‚à¤®à¥à¤°à¤ªà¤¾à¤¨ à¤¨à¤¹à¥€à¤‚ à¤","drink":"Never (à¤•à¤­à¥€ à¤¨à¤¹à¥€à¤)","f_ill":"Family illness (à¤ªà¤¾à¤°à¤¿à¤µà¤¾à¤°à¤¿à¤• à¤¬à¥€","Other":"","pm_his":"à¤‰à¤šà¥à¤š à¤°à¤•à¥à¤¤à¤šà¤¾à¤ª","Other_pm":"","ad_hos":"à¤…à¤¸à¥à¤ªà¤¤à¤¾à¤² à¤®à¥‡à¤‚ à¤­à¤°à¥à¤¤à¥€","pat_con":"à¤¨à¤¿à¤·à¥à¤ªà¤•à¥à¤·","accident":"none","med":"none","ch_no":"2","del_no":"2","delivery":"0","others":"none","Family_Registration_No":"K07220009","mob_no":"0"},
{"ID":"2","Date_of_Enrollment":"2022-07-01","name":"Santosh Surin","per_reg":"K0722001101","pat_ticket_id":"220701012","rel_cwe":"Self","gender":"Male","dob":"1985-06-18","edu":"à¤¨à¤¾à¤®à¤¾à¤‚à¤•à¤¿à¤¤ à¤¸à¥à¤¨à¤¾à¤¤à¤•","prof":"à¤•à¤¿à¤¸à¤¾à¤¨","mar_stat":"Married","height":"","weight":"60","temp":"97.6","pulse":"61","s_bp":"121","d_bp":"76","spo2":"","diab":"Yes","asthma":"No","smoke":"5 à¤¸à¤¾à¤² à¤¸à¥‡ à¤…à¤§à¤¿à¤• à¤¸à¤®à¤¯ à¤ªà¤¹à¤","drink":"Occasionally ","f_ill":"Hypertension","Other":"","pm_his":"à¤‰à¤šà¥à¤š à¤°à¤•à¥à¤¤à¤šà¤¾à¤ª,à¤®à¤§à¥à¤®à¥‡","Other_pm":"","ad_hos":"à¤…à¤¸à¥à¤ªà¤¤à¤¾à¤² à¤®à¥‡à¤‚ à¤­à¤°à¥à¤¤à¥€","pat_con":"à¤¸à¥à¤µà¤¾à¤¸à¥à¤¥à¥à¤¯ à¤•à¥€ à¤¸à¥à¤¥à¤¿à¤¤","accident":"none","med":"none","ch_no":"","del_no":"","delivery":"","others":"","Family_Registration_No":"K07220011","mob_no":"0"},
{"ID":"3","Date_of_Enrollment":"2022-07-01","name":"Suleman Surin","per_reg":"K0722000901","pat_ticket_id":"22070102","rel_cwe":"Self","gender":"Male","dob":"1997-07-01","edu":"à¤•à¤•à¥à¤·à¤¾ 11-12, à¤‰à¤¤à¥à¤¤à¥€à¤°à¥à¤£ à¤","prof":"à¤¦à¥ˆà¤¨à¤¿à¤• à¤¦à¤¾à¤‚à¤µ","mar_stat":"à¤µà¤¿à¤µà¤¾à¤¹à¤¿à¤¤\/ Married","height":"166","weight":"60","temp":"98","pulse":"72","s_bp":"54","d_bp":"56","spo2":"20","diab":"Yes","asthma":"No","smoke":"à¤ªà¤¿à¤›à¤²à¥‡ 5 à¤µà¤°à¥à¤·à¥‹à¤‚ à¤®à¥‡à¤‚ à¤›","drink":"Often with heavy quantity (à¤…à¤•à¥à¤¸à¤° à¤­à¤¾à","f_ill":"Hypertension","Other":"","pm_his":"à¤¹à¥ƒà¤¦à¤¯ à¤°à¥‹à¤—","Other_pm":"","ad_hos":"à¤šà¤¿à¤•à¤¿à¤¤à¥à¤¸à¤¾","pat_con":"à¤…à¤šà¥à¤›à¤¾","accident":"no","med":"no","ch_no":"1","del_no":"1","delivery":"1","others":"none","Family_Registration_No":"K07220009","mob_no":"0"},
{"ID":"4","Date_of_Enrollment":"2022-07-02","name":"Seteng Surin","per_reg":"K0722001102","pat_ticket_id":"220702018","rel_cwe":"Spouse","gender":"Female","dob":"1982-06-25","edu":"Education","prof":"à¤˜à¤°à¥‡à¤²à¥‚ à¤•à¤¾à¤°à¥à¤¯à¤•à¤°à¥à¤¤à¤¾","mar_stat":"à¤µà¤¿à¤µà¤¾à¤¹à¤¿à¤¤\/ Married","height":"","weight":"58","temp":"","pulse":"97","s_bp":"116","d_bp":"79","spo2":"","diab":"No","asthma":"No","smoke":"à¤•à¤­à¥€ à¤§à¥‚à¤®à¥à¤°à¤ªà¤¾à¤¨ à¤¨à¤¹à¥€à¤‚ à¤","drink":"Never (à¤•à¤­à¥€ à¤¨à¤¹à¥€à¤)","f_ill":"Family illness (à¤ªà¤¾à¤°à¤¿à¤µà¤¾à¤°à¤¿à¤• à¤¬à¥€","Other":"","pm_his":"à¤¹à¥ƒà¤¦à¤¯ à¤°à¥‹à¤—","Other_pm":"","ad_hos":"à¤…à¤¸à¥à¤ªà¤¤à¤¾à¤² à¤®à¥‡à¤‚ à¤­à¤°à¥à¤¤à¥€","pat_con":"à¤…à¤šà¥à¤›à¤¾","accident":"none","med":"none","ch_no":"2","del_no":"4","delivery":"0","others":"Problem after the birth of second child","Family_Registration_No":"K07220011","mob_no":"0"},
{"ID":"5","Date_of_Enrollment":"2022-07-04","name":"Salan Surin","per_reg":"K0722002501","pat_ticket_id":"220704026","rel_cwe":"Self","gender":"Male","dob":"1998-10-20","edu":"à¤•à¤•à¥à¤·à¤¾ 11-12, à¤‰à¤¤à¥à¤¤à¥€à¤°à¥à¤£ à¤","prof":"à¤•à¤¿à¤¸à¤¾à¤¨,à¤•à¥à¤¶à¤² à¤•à¤¾à¤®à¤—à¤¾à¤° (à","mar_stat":"à¤µà¤¿à¤µà¤¾à¤¹à¤¿à¤¤\/ Married","height":"","weight":"55","temp":"","pulse":"","s_bp":"","d_bp":"","spo2":"","diab":"No","asthma":"No","smoke":"à¤…à¤¨à¤¿à¤¯à¤®à¤¿à¤¤ à¤°à¥‚à¤ª à¤¸à¥‡ à¤§à¥‚à¤®à¥","drink":"Occasionally (à¤•à¤­à¥€-à¤•à¤­à¥€)","f_ill":"Other (à¤…à¤¨à¥à¤¯)","Other":"there may be something unknown","pm_his":"à¤®à¤§à¥à¤®à¥‡à¤¹,à¤…à¤¨à¥à¤¯","Other_pm":"","ad_hos":"à¤…à¤¸à¥à¤ªà¤¤à¤¾à¤² à¤®à¥‡à¤‚ à¤­à¤°à¥à¤¤à¥€","pat_con":"à¤‰à¤¤à¥à¤•à¥ƒà¤·à¥à¤Ÿ","accident":"none","med":"none","ch_no":"","del_no":"","delivery":"","others":"","Family_Registration_No":"K07220025","mob_no":"0"},
{"ID":"6","Date_of_Enrollment":"2022-07-04","name":"Soma Surin","per_reg":"K0722000801","pat_ticket_id":"220704029","rel_cwe":"Self","gender":"Male","dob":"1962-01-01","edu":"à¤•à¥‹à¤ˆ à¤”à¤ªà¤šà¤¾à¤°à¤¿à¤• à¤¶à¤¿à¤•à¥à¤·à¤¾","prof":"à¤•à¤¿à¤¸à¤¾à¤¨","mar_stat":"à¤µà¤¿à¤µà¤¾à¤¹à¤¿à¤¤\/ Married","height":"","weight":"48","temp":"95.7","pulse":"81","s_bp":"92","d_bp":"50","spo2":"","diab":"No","asthma":"Yes","smoke":"à¤ªà¤¿à¤›à¤²à¥‡ 5 à¤µà¤°à¥à¤·à¥‹à¤‚ à¤®à¥‡à¤‚ à¤›","drink":"Often with heavy quantity (à¤…à¤•à¥à¤¸à¤° à¤­à¤¾à","f_ill":"Other (à¤…à¤¨à¥à¤¯)","Other":"TB","pm_his":"à¤…à¤¨à¥à¤¯","Other_pm":"","ad_hos":"à¤…à¤¸à¥à¤ªà¤¤à¤¾à¤² à¤®à¥‡à¤‚ à¤­à¤°à¥à¤¤à¥€","pat_con":"à¤¨à¤¿à¤·à¥à¤ªà¤•à¥à¤·","accident":"Yes. Lost right hand","med":"Taking TB medicines","ch_no":"","del_no":"","delivery":"","others":"","Family_Registration_No":"K07220008","mob_no":"0"},
{"ID":"7","Date_of_Enrollment":"2022-07-04","name":"Jolen Surin","per_reg":"K0722000401","pat_ticket_id":"220704032","rel_cwe":"Self","gender":"Male","dob":"1959-05-17","edu":"10 . à¤‰à¤¤à¥à¤¤à¥€à¤°à¥à¤£","prof":"à¤•à¤¿à¤¸à¤¾à¤¨","mar_stat":"à¤µà¤¿à¤µà¤¾à¤¹à¤¿à¤¤\/ Married","height":"","weight":"50","temp":"","pulse":"98","s_bp":"120","d_bp":"75","spo2":"","diab":"No","asthma":"Yes","smoke":"à¤…à¤¨à¤¿à¤¯à¤®à¤¿à¤¤ à¤°à¥‚à¤ª à¤¸à¥‡ à¤§à¥‚à¤®à¥","drink":"Occasionally (à¤•à¤­à¥€-à¤•à¤­à¥€)","f_ill":"Other (à¤…à¤¨à¥à¤¯)","Other":"TB","pm_his":"à¤…à¤¨à¥à¤¯","Other_pm":"","ad_hos":"à¤…à¤¸à¥à¤ªà¤¤à¤¾à¤² à¤®à¥‡à¤‚ à¤­à¤°à¥à¤¤à¥€","pat_con":"à¤¨à¤¿à¤·à¥à¤ªà¤•à¥à¤·","accident":"","med":"","ch_no":"","del_no":"","delivery":"","others":"","Family_Registration_No":"K07220004","mob_no":"0"},
{"ID":"8","Date_of_Enrollment":"2022-07-04","name":"Pawal Surin","per_reg":"K0722001201","pat_ticket_id":"220704036","rel_cwe":"Self","gender":"Male","dob":"2057-01-01","edu":"à¤•à¥‹à¤ˆ à¤”à¤ªà¤šà¤¾à¤°à¤¿à¤• à¤¶à¤¿à¤•à¥à¤·à¤¾","prof":"à¤•à¤¿à¤¸à¤¾à¤¨","mar_stat":"à¤µà¤¿à¤µà¤¾à¤¹à¤¿à¤¤\/ Married","height":"","weight":"49","temp":"","pulse":"58","s_bp":"132","d_bp":"71","spo2":"","diab":"Yes","asthma":"No","smoke":"à¤•à¤­à¥€ à¤§à¥‚à¤®à¥à¤°à¤ªà¤¾à¤¨ à¤¨à¤¹à¥€à¤‚ à¤","drink":"Never (à¤•à¤­à¥€ à¤¨à¤¹à¥€à¤)","f_ill":"Diabetes (à¤®à¤§à¥à¤®à¥‡à¤¹)","Other":"","pm_his":"à¤…à¤¨à¥à¤¯","Other_pm":"","ad_hos":"à¤…à¤¸à¥à¤ªà¤¤à¤¾à¤² à¤®à¥‡à¤‚ à¤­à¤°à¥à¤¤à¥€","pat_con":"à¤¨à¤¿à¤·à¥à¤ªà¤•à¥à¤·","accident":"none","med":"none","ch_no":"","del_no":"","delivery":"","others":"","Family_Registration_No":"K07220012","mob_no":"0"},
{"ID":"9","Date_of_Enrollment":"2022-07-04","name":"Saidan Surin","per_reg":"K0722000404","pat_ticket_id":"220704037","rel_cwe":"Daughter","gender":"Female","dob":"2001-06-03","edu":"à¤¨à¤¾à¤®à¤¾à¤‚à¤•à¤¿à¤¤ à¤¸à¥à¤¨à¤¾à¤¤à¤•","prof":"à¤•à¤¿à¤¸à¤¾à¤¨,à¤µà¤¿à¤¦à¥à¤¯à¤¾à¤°à¥à¤¥à¥€","mar_stat":"Not Married\/ à¤…à¤µà¤¿à¤µà¤¾à¤¹à¤¿à¤¤","height":"","weight":"45","temp":"","pulse":"91","s_bp":"129","d_bp":"67","spo2":"","diab":"No","asthma":"No","smoke":"à¤•à¤­à¥€ à¤§à¥‚à¤®à¥à¤°à¤ªà¤¾à¤¨ à¤¨à¤¹à¥€à¤‚ à¤","drink":"Never (à¤•à¤­à¥€ à¤¨à¤¹à¥€à¤)","f_ill":"Other (à¤…à¤¨à¥à¤¯)","Other":"","pm_his":"à¤…à¤¨à¥à¤¯","Other_pm":"","ad_hos":"à¤…à¤¸à¥à¤ªà¤¤à¤¾à¤² à¤®à¥‡à¤‚ à¤­à¤°à¥à¤¤à¥€","pat_con":"à¤¸à¥à¤µà¤¾à¤¸à¥à¤¥à¥à¤¯ à¤•à¥€ à¤¸à¥à¤¥à¤¿à¤¤","accident":"","med":"","ch_no":"","del_no":"","delivery":"","others":"","Family_Registration_No":"K07220004","mob_no":"0"},
{"ID":"10","Date_of_Enrollment":"2022-07-04","name":"Biji Surin ","per_reg":"K0722000204","pat_ticket_id":"220704038","rel_cwe":"Sister","gender":"Female","dob":"2004-01-01","edu":"12th Pass","prof":"Service","mar_stat":"Not Married","height":"","weight":"56","temp":"","pulse":"83","s_bp":"124","d_bp":"68","spo2":"","diab":"No","asthma":"Do you have asthma or any breathing trouble? (à¤•à","smoke":"à¤•à¤­à¥€ à¤§à¥‚à¤®à¥à¤°à¤ªà¤¾à¤¨ à¤¨à¤¹à¥€à¤‚ à¤","drink":"Never (à¤•à¤­à¥€ à¤¨à¤¹à¥€à¤)","f_ill":"Other (à¤…à¤¨à¥à¤¯)","Other":"","pm_his":"à¤…à¤¨à¥à¤¯","Other_pm":"","ad_hos":"à¤…à¤¸à¥à¤ªà¤¤à¤¾à¤² à¤®à¥‡à¤‚ à¤­à¤°à¥à¤¤à¥€","pat_con":"à¤¸à¥à¤µà¤¾à¤¸à¥à¤¥à¥à¤¯ à¤•à¥€ à¤¸à¥à¤¥à¤¿à¤¤","accident":"","med":"","ch_no":"","del_no":"","delivery":"","others":"","Family_Registration_No":"K07220000","mob_no":"0"},
{"ID":"11","Date_of_Enrollment":"2022-07-05","name":"Emanuel Surin","per_reg":"K0722000601","pat_ticket_id":"220705045","rel_cwe":"Relationship with CWE","gender":"Male","dob":"1958-01-01","edu":"à¤•à¤•à¥à¤·à¤¾ 5 à¤¤à¤•","prof":"à¤•à¤¿à¤¸à¤¾à¤¨","mar_stat":"à¤µà¤¿à¤µà¤¾à¤¹à¤¿à¤¤\/ Married","height":"","weight":"65","temp":"","pulse":"79","s_bp":"148","d_bp":"80","spo2":"","diab":"Dont Know","asthma":"No","smoke":"5 à¤¸à¤¾à¤² à¤¸à¥‡ à¤…à¤§à¤¿à¤• à¤¸à¤®à¤¯ à¤ªà¤¹à¤","drink":"Never (à¤•à¤­à¥€ à¤¨à¤¹à¥€à¤)","f_ill":"à¤œà¥à¤žà¤¾à¤¤ à¤¨à¤¹à¥€à¤‚ à¤¹à¥ˆ","Other":"","pm_his":"à¤•à¥à¤› à¤¨à¤¹à¥€","Other_pm":"Old skin disease (right leg)","ad_hos":"à¤…à¤¸à¥à¤ªà¤¤à¤¾à¤² à¤®à¥‡à¤‚ à¤­à¤°à¥à¤¤à¥€","pat_con":"à¤¬à¥à¤°à¤¾","accident":"deep cut on right foot damaged leg ","med":"take medicine for skin disease ","ch_no":"","del_no":"","delivery":"","others":"","Family_Registration_No":"K072200024","mob_no":"0"},
{"ID":"12","Date_of_Enrollment":"2022-07-05","name":"Jyotish Surin","per_reg":"K0722001003","pat_ticket_id":"220705047","rel_cwe":"à¤¬à¥‡à¤Ÿà¤¾","gender":"Male","dob":"1986-04-20","edu":"12 à¤‰à¤¤à¥à¤¤à¥€à¤°à¥à¤£","prof":"à¤¬à¥‡à¤°à¥‹à¤œà¤—à¤¾à¤°","mar_stat":"à¤µà¤¿à¤µà¤¾à¤¹à¤¿à¤¤\/ Married","height":"170","weight":"72","temp":"","pulse":"71","s_bp":"133","d_bp":"82","spo2":"","diab":"No","asthma":"No","smoke":"à¤•à¤­à¥€ à¤§à¥‚à¤®à¥à¤°à¤ªà¤¾à¤¨ à¤¨à¤¹à¥€à¤‚ à¤","drink":"Never (à¤•à¤­à¥€ à¤¨à¤¹à¥€à¤)","f_ill":"à¤¸à¥‡à¤°à¥‡à¤¬à¥à¤°à¤² à¤…à¤Ÿà¥ˆà¤•","Other":"","pm_his":"à¤•à¥à¤› à¤¨à¤¹à¥€","Other_pm":"","ad_hos":"à¤…à¤¸à¥à¤ªà¤¤à¤¾à¤² à¤®à¥‡à¤‚ à¤­à¤°à¥à¤¤à¥€","pat_con":"à¤‰à¤¤à¥à¤•à¥ƒà¤·à¥à¤Ÿ","accident":"none","med":"none","ch_no":"","del_no":"","delivery":"","others":"","Family_Registration_No":"K07220010","mob_no":"0"},
{"ID":"13","Date_of_Enrollment":"2022-07-06","name":"Kolostika Samad","per_reg":"K0722000303","pat_ticket_id":"220706050","rel_cwe":"à¤¬à¤¹à¥‚","gender":"Female","dob":"1998-10-23","edu":"10 . à¤‰à¤¤à¥à¤¤à¥€à¤°à¥à¤£","prof":"à¤˜à¤°à¥‡à¤²à¥‚ à¤•à¤¾à¤°à¥à¤¯à¤•à¤°à¥à¤¤à¤¾","mar_stat":"à¤µà¤¿à¤µà¤¾à¤¹à¤¿à¤¤\/ Married","height":"147","weight":"43","temp":"","pulse":"90","s_bp":"101","d_bp":"63","spo2":"","diab":"No","asthma":"No","smoke":"à¤•à¤­à¥€ à¤§à¥‚à¤®à¥à¤°à¤ªà¤¾à¤¨ à¤¨à¤¹à¥€à¤‚ à¤","drink":"Never (à¤•à¤­à¥€ à¤¨à¤¹à¥€à¤)","f_ill":"à¤•à¥à¤› à¤¨à¤¹à¥€à¤‚","Other":"Cough","pm_his":"à¤•à¥à¤› à¤¨à¤¹à¥€","Other_pm":"","ad_hos":"à¤¬à¤šà¥à¤šà¥‡ à¤•à¤¾ à¤œà¤¨à¥à¤®","pat_con":"à¤…à¤šà¥à¤›à¤¾","accident":"none","med":"none","ch_no":"2","del_no":"2","delivery":"0","others":"none","Family_Registration_No":"K07220003","mob_no":"6200645197"},
{"ID":"14","Date_of_Enrollment":"2022-07-09","name":"Naimon Surin","per_reg":"K0722001501","pat_ticket_id":"220709016","rel_cwe":"à¤–à¥à¤¦ (self)","gender":"Male","dob":"1952-01-01","edu":"à¤•à¤•à¥à¤·à¤¾ 6-10, à¤‰à¤¤à¥à¤¤à¥€à¤°à¥à¤£ à¤¨","prof":"किसान","mar_stat":"Married","height":"160","weight":"48","temp":"","pulse":"95","s_bp":"136","d_bp":"73","spo2":"","diab":"No","asthma":"No","smoke":"à¤•à¤­à¥€ à¤§à¥‚à¤®à¥à¤°à¤ªà¤¾à¤¨ à¤¨à¤¹à¥€à¤‚ à¤","drink":"Never (à¤•à¤­à¥€ à¤¨à¤¹à¥€à¤)","f_ill":"à¤¸à¥‡à¤°à¥‡à¤¬à¥à¤°à¤² à¤…à¤Ÿà¥ˆà¤•","Other":"","pm_his":"à¤•à¥à¤› à¤¨à¤¹à¥€","Other_pm":"Joint pain, knee pain","ad_hos":"à¤…à¤¸à¥à¤ªà¤¤à¤¾à¤² à¤®à¥‡à¤‚ à¤­à¤°à¥à¤¤à¥€","pat_con":"à¤¬à¥à¤°à¤¾","accident":"","med":"knee pain medicine","ch_no":"","del_no":"","delivery":"","others":"","Family_Registration_No":"K07220015","mob_no":"9973772157"},
{"ID":"15","Date_of_Enrollment":"2022-07-09","name":"Shila Devi","per_reg":"K0722000102","pat_ticket_id":"22070905","rel_cwe":"Spouse","gender":"Female","dob":"1999-05-14","edu":"12","prof":"Housewife","mar_stat":"Married","height":"146","weight":"34","temp":"","pulse":"","s_bp":"","d_bp":"","spo2":"","diab":"No","asthma":"No","smoke":"","drink":"Never (à¤•à¤­à¥€ à¤¨à¤¹à¥€à¤)","f_ill":"à¤•à¥à¤› à¤¨à¤¹à¥€à¤‚","Other":"Under weight, weakness","pm_his":"à¤•à¥à¤› à¤¨à¤¹à¥€","Other_pm":"Under weight, weakness","ad_hos":"à¤šà¤¿à¤•à¤¿à¤¤à¥à¤¸à¤¾","pat_con":"à¤¬à¥à¤°à¤¾","accident":"none","med":"Energy tabs","ch_no":"2","del_no":"2","delivery":"0","others":"","Family_Registration_No":"K07220001","mob_no":"9304040503"},
{"ID":"16","Date_of_Enrollment":"2022-07-15","name":"Jasmanti surin","per_reg":"U0722002302","pat_ticket_id":"220715016","rel_cwe":"à¤ªà¤¤à¤¿ à¤¯à¤¾ à¤ªà¤¤à¥à¤¨à¥€","gender":"Female","dob":"1970-01-01","edu":"à¤•à¤•à¥à¤·à¤¾ 6-10, à¤‰à¤¤à¥à¤¤à¥€à¤°à¥à¤£ à¤¨","prof":"à¤˜à¤°à¥‡à¤²à¥‚ à¤•à¤¾à¤°à¥à¤¯à¤•à¤°à¥à¤¤à¤¾","mar_stat":"à¤µà¤¿à¤µà¤¾à¤¹à¤¿à¤¤\/ Married","height":"159","weight":"46","temp":"98","pulse":"72","s_bp":"124","d_bp":"79","spo2":"97","diab":"No","asthma":"No","smoke":"à¤•à¤­à¥€ à¤§à¥‚à¤®à¥à¤°à¤ªà¤¾à¤¨ à¤¨à¤¹à¥€à¤‚ à¤","drink":"Never (à¤•à¤­à¥€ à¤¨à¤¹à¥€à¤)","f_ill":"à¤•à¥à¤› à¤¨à¤¹à¥€à¤‚","Other":"","pm_his":"à¤•à¥à¤› à¤¨à¤¹à¥€","Other_pm":"","ad_hos":"à¤…à¤¸à¥à¤ªà¤¤à¤¾à¤² à¤®à¥‡à¤‚ à¤­à¤°à¥à¤¤à¥€","pat_con":"à¤…à¤šà¥à¤›à¤¾","accident":"none","med":"none","ch_no":"6","del_no":"6","delivery":"0","others":"none","Family_Registration_No":"U07220023","mob_no":"8830577631"},
{"ID":"17","Date_of_Enrollment":"2022-07-15","name":"Nirmala surin","per_reg":"U0722002603","pat_ticket_id":"220715017","rel_cwe":"à¤¬à¥‡à¤Ÿà¥€","gender":"Female","dob":"1997-01-01","edu":"Education","prof":"à¤¬à¥‡à¤°à¥‹à¤œà¤—à¤¾à¤°","mar_stat":"Not Married\/ à¤…à¤µà¤¿à¤µà¤¾à¤¹à¤¿à¤¤","height":"156","weight":"44","temp":"97","pulse":"80","s_bp":"105","d_bp":"65","spo2":"99","diab":"No","asthma":"No","smoke":"à¤•à¤­à¥€ à¤§à¥‚à¤®à¥à¤°à¤ªà¤¾à¤¨ à¤¨à¤¹à¥€à¤‚ à¤","drink":"Never (à¤•à¤­à¥€ à¤¨à¤¹à¥€à¤)","f_ill":"à¤•à¥à¤› à¤¨à¤¹à¥€à¤‚","Other":"","pm_his":"à¤•à¥à¤› à¤¨à¤¹à¥€","Other_pm":"","ad_hos":"à¤…à¤¸à¥à¤ªà¤¤à¤¾à¤² à¤®à¥‡à¤‚ à¤­à¤°à¥à¤¤à¥€","pat_con":"à¤¬à¥à¤°à¤¾","accident":"None","med":"None","ch_no":"","del_no":"","delivery":"","others":"","Family_Registration_No":"U07220026","mob_no":"1234567890"},
{"ID":"18","Date_of_Enrollment":"2022-07-15","name":"Atul Surin","per_reg":"K0722001204","pat_ticket_id":"220715018","rel_cwe":"à¤ªà¥‹à¤¤à¤¾","gender":"Male","dob":"2004-01-01","edu":"10 . à¤‰à¤¤à¥à¤¤à¥€à¤°à¥à¤£","prof":"à¤µà¤¿à¤¦à¥à¤¯à¤¾à¤°à¥à¤¥à¥€","mar_stat":"Not Married\/ à¤…à¤µà¤¿à¤µà¤¾à¤¹à¤¿à¤¤","height":"177","weight":"56","temp":"98","pulse":"65","s_bp":"138","d_bp":"67","spo2":"98","diab":"No","asthma":"No","smoke":"à¤•à¤­à¥€ à¤§à¥‚à¤®à¥à¤°à¤ªà¤¾à¤¨ à¤¨à¤¹à¥€à¤‚ à¤","drink":"Never (à¤•à¤­à¥€ à¤¨à¤¹à¥€à¤)","f_ill":"à¤•à¥à¤› à¤¨à¤¹à¥€à¤‚","Other":"","pm_his":"à¤•à¥à¤› à¤¨à¤¹à¥€","Other_pm":"","ad_hos":"à¤…à¤¸à¥à¤ªà¤¤à¤¾à¤² à¤®à¥‡à¤‚ à¤­à¤°à¥à¤¤à¥€","pat_con":"à¤¨à¤¿à¤·à¥à¤ªà¤•à¥à¤·","accident":"None","med":"None","ch_no":"","del_no":"","delivery":"","others":"","Family_Registration_No":"K07220012","mob_no":"9341928958"},
{"ID":"24","Date_of_Enrollment":"2022-07-15","name":"Ashish Surin","per_reg":"K0722001203","pat_ticket_id":"220715036","rel_cwe":"Grandson","gender":"Male","dob":"2002-10-24","edu":"10 .","prof":"Student","mar_stat":"Not Married\/ ","height":"177","weight":"56","temp":"98","pulse":"65","s_bp":"138","d_bp":"67","spo2":"98","diab":"No","asthma":"No","smoke":"à¤•à¤­à¥€ à¤§à¥‚à¤®à¥à¤°à¤ªà¤¾à¤¨ à¤¨à¤¹à¥€à¤‚ à¤","drink":"Never (à¤•à¤­à¥€ à¤¨à¤¹à¥€à¤)","f_ill":"à¤•à¥à¤› à¤¨à¤¹à¥€à¤‚","Other":"","pm_his":"à¤•à¥à¤› à¤¨à¤¹à¥€","Other_pm":"","ad_hos":"à¤…à¤¸à¥à¤ªà¤¤à¤¾à¤² à¤®à¥‡à¤‚ à¤­à¤°à¥à¤¤à¥€","pat_con":"à¤¨à¤¿à¤·à¥à¤ªà¤•à¥à¤·","accident":"None","med":"None","ch_no":"","del_no":"","delivery":"","others":"","Family_Registration_No":"K07220012","mob_no":"9910866117"},
{"ID":"19","Date_of_Enrollment":"2022-07-16","name":"Sutughan Surin","per_reg":"K0722000701","pat_ticket_id":"220716019","rel_cwe":"à¤–à¥à¤¦ (self)","gender":"Male","dob":"1973-01-01","edu":"à¤•à¥‹à¤ˆ à¤”à¤ªà¤šà¤¾à¤°à¤¿à¤• à¤¶à¤¿à¤•à¥à¤·à¤¾","prof":"à¤•à¤¿à¤¸à¤¾à¤¨","mar_stat":"à¤µà¤¿à¤µà¤¾à¤¹à¤¿à¤¤\/ Married","height":"171","weight":"50","temp":"95.7","pulse":"95","s_bp":"126","d_bp":"89","spo2":"97","diab":"No","asthma":"No","smoke":"5 à¤¸à¤¾à¤² à¤¸à¥‡ à¤…à¤§à¤¿à¤• à¤¸à¤®à¤¯ à¤ªà¤¹à¤","drink":"Occasionally (à¤•à¤­à¥€-à¤•à¤­à¥€)","f_ill":"à¤•à¥à¤› à¤¨à¤¹à¥€à¤‚","Other":"","pm_his":"à¤¹à¥ƒà¤¦à¤¯ à¤°à¥‹à¤—","Other_pm":"","ad_hos":"à¤…à¤¸à¥à¤ªà¤¤à¤¾à¤² à¤®à¥‡à¤‚ à¤­à¤°à¥à¤¤à¥€","pat_con":"à¤¬à¥à¤°à¤¾","accident":"None","med":"None","ch_no":"","del_no":"","delivery":"","others":"","Family_Registration_No":"K07220007","mob_no":"7783873772"},
{"ID":"20","Date_of_Enrollment":"2022-07-16","name":"Arsaliani Surin","per_reg":"K0722000702","pat_ticket_id":"220716020","rel_cwe":"à¤ªà¤¤à¤¿ à¤¯à¤¾ à¤ªà¤¤à¥à¤¨à¥€","gender":"Female","dob":"1975-01-01","edu":"à¤•à¥‹à¤ˆ à¤”à¤ªà¤šà¤¾à¤°à¤¿à¤• à¤¶à¤¿à¤•à¥à¤·à¤¾","prof":"à¤˜à¤°à¥‡à¤²à¥‚ à¤•à¤¾à¤°à¥à¤¯à¤•à¤°à¥à¤¤à¤¾","mar_stat":"à¤µà¤¿à¤µà¤¾à¤¹à¤¿à¤¤\/ Married","height":"158","weight":"45","temp":"96.6","pulse":"96","s_bp":"107","d_bp":"68","spo2":"96","diab":"No","asthma":"No","smoke":"à¤•à¤­à¥€ à¤§à¥‚à¤®à¥à¤°à¤ªà¤¾à¤¨ à¤¨à¤¹à¥€à¤‚ à¤","drink":"Occasionally (à¤•à¤­à¥€-à¤•à¤­à¥€)","f_ill":"à¤•à¥à¤› à¤¨à¤¹à¥€à¤‚","Other":"","pm_his":"à¤•à¥à¤› à¤¨à¤¹à¥€","Other_pm":"","ad_hos":"à¤…à¤¸à¥à¤ªà¤¤à¤¾à¤² à¤®à¥‡à¤‚ à¤­à¤°à¥à¤¤à¥€","pat_con":"à¤¨à¤¿à¤·à¥à¤ªà¤•à¥à¤·","accident":"None","med":"None","ch_no":"4","del_no":"7","delivery":"0","others":"None","Family_Registration_No":"K07220007","mob_no":"7783873772"},
{"ID":"21","Date_of_Enrollment":"2022-07-16","name":"Ryona Surin","per_reg":"K0722000304","pat_ticket_id":"220716021","rel_cwe":"à¤ªà¥‹à¤¤à¥€","gender":"Female","dob":"2018-01-01","edu":"Education","prof":"à¤µà¤¿à¤¦à¥à¤¯à¤¾à¤°à¥à¤¥à¥€","mar_stat":"Not Married\/ à¤…à¤µà¤¿à¤µà¤¾à¤¹à¤¿à¤¤","height":"98","weight":"12","temp":"95","pulse":"110","s_bp":"79","d_bp":"54","spo2":"99","diab":"No","asthma":"No","smoke":"à¤•à¤­à¥€ à¤§à¥‚à¤®à¥à¤°à¤ªà¤¾à¤¨ à¤¨à¤¹à¥€à¤‚ à¤","drink":"Never (à¤•à¤­à¥€ à¤¨à¤¹à¥€à¤)","f_ill":"à¤•à¥à¤› à¤¨à¤¹à¥€à¤‚","Other":"","pm_his":"à¤•à¥à¤› à¤¨à¤¹à¥€","Other_pm":"","ad_hos":"à¤…à¤¸à¥à¤ªà¤¤à¤¾à¤² à¤®à¥‡à¤‚ à¤­à¤°à¥à¤¤à¥€","pat_con":"à¤…à¤šà¥à¤›à¤¾","accident":"NOne","med":"None","ch_no":"","del_no":"","delivery":"","others":"","Family_Registration_No":"K07220003","mob_no":"6200645197"},
{"ID":"22","Date_of_Enrollment":"2022-07-16","name":"Telani Surin","per_reg":"K0722001502","pat_ticket_id":"220716022","rel_cwe":"à¤ªà¤¤à¤¿ à¤¯à¤¾ à¤ªà¤¤à¥à¤¨à¥€","gender":"Female","dob":"2060-11-01","edu":"à¤•à¤•à¥à¤·à¤¾ 5 à¤¤à¤•","prof":"à¤˜à¤°à¥‡à¤²à¥‚ à¤•à¤¾à¤°à¥à¤¯à¤•à¤°à¥à¤¤à¤¾","mar_stat":"à¤µà¤¿à¤µà¤¾à¤¹à¤¿à¤¤\/ Married","height":"147","weight":"50","temp":"97.1","pulse":"83","s_bp":"148","d_bp":"78","spo2":"99","diab":"No","asthma":"No","smoke":"à¤•à¤­à¥€ à¤§à¥‚à¤®à¥à¤°à¤ªà¤¾à¤¨ à¤¨à¤¹à¥€à¤‚ à¤","drink":"Never (à¤•à¤­à¥€ à¤¨à¤¹à¥€à¤)","f_ill":"à¤•à¥à¤› à¤¨à¤¹à¥€à¤‚","Other":"","pm_his":"à¤•à¥à¤› à¤¨à¤¹à¥€","Other_pm":"","ad_hos":"à¤…à¤¸à¥à¤ªà¤¤à¤¾à¤² à¤®à¥‡à¤‚ à¤­à¤°à¥à¤¤à¥€","pat_con":"à¤¨à¤¿à¤·à¥à¤ªà¤•à¥à¤·","accident":"None","med":"None","ch_no":"1","del_no":"1","delivery":"0","others":"None","Family_Registration_No":"K07220015","mob_no":"9973772157"},
{"ID":"23","Date_of_Enrollment":"2022-07-16","name":"Nimunti Surin","per_reg":"K0722000402","pat_ticket_id":"220716023","rel_cwe":"à¤ªà¤¤à¤¿ à¤¯à¤¾ à¤ªà¤¤à¥à¤¨à¥€","gender":"Female","dob":"1970-01-01","edu":"Education","prof":"à¤•à¤¿à¤¸à¤¾à¤¨","mar_stat":"à¤µà¤¿à¤µà¤¾à¤¹à¤¿à¤¤\/ Married","height":"158","weight":"51","temp":"97.1","pulse":"74","s_bp":"115","d_bp":"77","spo2":"95","diab":"No","asthma":"No","smoke":"à¤•à¤­à¥€ à¤§à¥‚à¤®à¥à¤°à¤ªà¤¾à¤¨ à¤¨à¤¹à¥€à¤‚ à¤","drink":"Alcohol drinking habit (à¤¶à¤°à¤¾à¤¬ à¤ªà¥€à¤¨à¥‡ ","f_ill":"à¤•à¥à¤› à¤¨à¤¹à¥€à¤‚","Other":"","pm_his":"à¤•à¥à¤› à¤¨à¤¹à¥€","Other_pm":"","ad_hos":"à¤…à¤¸à¥à¤ªà¤¤à¤¾à¤² à¤®à¥‡à¤‚ à¤­à¤°à¥à¤¤à¥€","pat_con":"à¤¬à¥à¤°à¤¾","accident":"None","med":"None","ch_no":"1","del_no":"1","delivery":"0","others":"None","Family_Registration_No":"K07220004","mob_no":"9304428513"},
{"ID":"28","Date_of_Enrollment":"2022-07-16","name":"Marsalan surin","per_reg":"H0722001801","pat_ticket_id":"220716027","rel_cwe":"à¤–à¥à¤¦ (self)","gender":"Male","dob":"1983-01-01","edu":"à¤•à¤•à¥à¤·à¤¾ 5 à¤¤à¤•","prof":"à¤•à¤¿à¤¸à¤¾à¤¨","mar_stat":"à¤µà¤¿à¤µà¤¾à¤¹à¤¿à¤¤\/ Married","height":"171","weight":"62","temp":"98","pulse":"59","s_bp":"152","d_bp":"86","spo2":"98","diab":"No","asthma":"No","smoke":"à¤•à¤­à¥€ à¤§à¥‚à¤®à¥à¤°à¤ªà¤¾à¤¨ à¤¨à¤¹à¥€à¤‚ à¤","drink":"Occasionally (à¤•à¤­à¥€-à¤•à¤­à¥€)","f_ill":"à¤•à¥à¤› à¤¨à¤¹à¥€à¤‚","Other":"","pm_his":"à¤•à¥à¤› à¤¨à¤¹à¥€","Other_pm":"","ad_hos":"à¤…à¤¸à¥à¤ªà¤¤à¤¾à¤² à¤®à¥‡à¤‚ à¤­à¤°à¥à¤¤à¥€","pat_con":"à¤¬à¥à¤°à¤¾","accident":"None","med":"None","ch_no":"","del_no":"","delivery":"","others":"","Family_Registration_No":"H07220018","mob_no":"9693835939"},
{"ID":"29","Date_of_Enrollment":"2022-07-16","name":"Susana kongadi","per_reg":"S0722001702","pat_ticket_id":"220716029","rel_cwe":"à¤ªà¤¤à¤¿ à¤¯à¤¾ à¤ªà¤¤à¥à¤¨à¥€","gender":"Female","dob":"1982-11-01","edu":"à¤•à¥‹à¤ˆ à¤”à¤ªà¤šà¤¾à¤°à¤¿à¤• à¤¶à¤¿à¤•à¥à¤·à¤¾","prof":"à¤˜à¤°à¥‡à¤²à¥‚ à¤•à¤¾à¤°à¥à¤¯à¤•à¤°à¥à¤¤à¤¾","mar_stat":"à¤µà¤¿à¤µà¤¾à¤¹à¤¿à¤¤\/ Married","height":"157","weight":"45","temp":"97","pulse":"72","s_bp":"126","d_bp":"72","spo2":"99","diab":"No","asthma":"No","smoke":"à¤•à¤­à¥€ à¤§à¥‚à¤®à¥à¤°à¤ªà¤¾à¤¨ à¤¨à¤¹à¥€à¤‚ à¤","drink":"Never (à¤•à¤­à¥€ à¤¨à¤¹à¥€à¤)","f_ill":"à¤•à¥à¤› à¤¨à¤¹à¥€à¤‚","Other":"","pm_his":"à¤•à¥à¤› à¤¨à¤¹à¥€","Other_pm":"","ad_hos":"à¤…à¤¸à¥à¤ªà¤¤à¤¾à¤² à¤®à¥‡à¤‚ à¤­à¤°à¥à¤¤à¥€","pat_con":"à¤¨à¤¿à¤·à¥à¤ªà¤•à¥à¤·","accident":"None","med":"None","ch_no":"2","del_no":"2","delivery":"0","others":"None","Family_Registration_No":"S07220017","mob_no":"1234567890"},
{"ID":"30","Date_of_Enrollment":"2022-07-16","name":"Ilisabha Surin","per_reg":"K0722001202","pat_ticket_id":"220716030","rel_cwe":"Spouse","gender":"Female","dob":"2062-01-01","edu":"10 . ","prof":"Anganwadi worker","mar_stat":"Married","height":"146","weight":"50","temp":"95.7","pulse":"70","s_bp":"99","d_bp":"58","spo2":"95","diab":"No","asthma":"No","smoke":"à¤•à¤­à¥€ à¤§à¥‚à¤®à¥à¤°à¤ªà¤¾à¤¨ à¤¨à¤¹à¥€à¤‚ à¤","drink":"Never (à¤•à¤­à¥€ à¤¨à¤¹à¥€à¤)","f_ill":"à¤•à¥à¤› à¤¨à¤¹à¥€à¤‚","Other":"","pm_his":"à¤•à¥à¤› à¤¨à¤¹à¥€","Other_pm":"","ad_hos":"à¤…à¤¸à¥à¤ªà¤¤à¤¾à¤² à¤®à¥‡à¤‚ à¤­à¤°à¥à¤¤à¥€","pat_con":"à¤¬à¥à¤°à¤¾","accident":"None","med":"None","ch_no":"1","del_no":"1","delivery":"0","others":"None","Family_Registration_No":"K07220012","mob_no":"7091124254"},
{"ID":"31","Date_of_Enrollment":"2022-07-18","name":"Kole Barla","per_reg":"D0722002001","pat_ticket_id":"220718031","rel_cwe":"self","gender":"Male","dob":"1972-01-01","edu":"No formal education","prof":"Farming","mar_stat":"Married","height":"166","weight":"55","temp":"96","pulse":"76","s_bp":"140","d_bp":"88","spo2":"98","diab":"No","asthma":"No","smoke":"Never","drink":"Occasionally","f_ill":"à¤•à¥à¤› à¤¨à¤¹à¥€à¤‚","Other":"","pm_his":"à¤•à¥à¤› à¤¨à¤¹à¥€","Other_pm":"","ad_hos":"à¤…à¤¸à¥à¤ªà¤¤à¤¾à¤² à¤®à¥‡à¤‚ à¤­à¤°à¥à¤¤à¥€","pat_con":"à¤¬à¤¹à¥à¤¤ à¤¬à¥à¤°à¤¾","accident":"None","med":"None","ch_no":"","del_no":"","delivery":"","others":"","Family_Registration_No":"D07220018","mob_no":"6207722421"},
{"ID":"32","Date_of_Enrollment":"2022-07-19","name":"Jivanti barla ","per_reg":"K07220001902","pat_ticket_id":"220719032","rel_cwe":"à¤ªà¤¤à¤¿ à¤¯à¤¾ à¤ªà¤¤à¥à¤¨à¥€","gender":"Female","dob":"1999-01-01","edu":"12 à¤‰à¤¤à¥à¤¤à¥€à¤°à¥à¤£","prof":"à¤˜à¤°à¥‡à¤²à¥‚ à¤•à¤¾à¤°à¥à¤¯à¤•à¤°à¥à¤¤à¤¾","mar_stat":"à¤µà¤¿à¤µà¤¾à¤¹à¤¿à¤¤\/ Married","height":"154","weight":"44","temp":"97.2","pulse":"75","s_bp":"120","d_bp":"65","spo2":"99","diab":"No","asthma":"No","smoke":"à¤•à¤­à¥€ à¤§à¥‚à¤®à¥à¤°à¤ªà¤¾à¤¨ à¤¨à¤¹à¥€à¤‚ à¤","drink":"Never (à¤•à¤­à¥€ à¤¨à¤¹à¥€à¤)","f_ill":"à¤•à¥à¤› à¤¨à¤¹à¥€à¤‚","Other":"","pm_his":"à¤•à¥à¤› à¤¨à¤¹à¥€","Other_pm":"","ad_hos":"à¤…à¤¸à¥à¤ªà¤¤à¤¾à¤² à¤®à¥‡à¤‚ à¤­à¤°à¥à¤¤à¥€","pat_con":"à¤¨à¤¿à¤·à¥à¤ªà¤•à¥à¤·","accident":"None","med":"None","ch_no":"1","del_no":"1","delivery":"0","others":"None","Family_Registration_No":"K072200019","mob_no":"9546961156"},
{"ID":"33","Date_of_Enrollment":"2022-07-19","name":"Yakub Surin","per_reg":"K0722002502","pat_ticket_id":"220719033","rel_cwe":"à¤–à¥à¤¦ (self)","gender":"Male","dob":"2052-11-01","edu":"à¤•à¤•à¥à¤·à¤¾ 5 à¤¤à¤•","prof":"à¤•à¤¿à¤¸à¤¾à¤¨","mar_stat":"à¤µà¤¿à¤§à¤µà¤¾ \/ à¤…à¤²à¤— (Widow\/ Separated)","height":"164","weight":"55","temp":"95.7","pulse":"83","s_bp":"119","d_bp":"75","spo2":"93","diab":"No","asthma":"Yes","smoke":"à¤•à¤­à¥€ à¤§à¥‚à¤®à¥à¤°à¤ªà¤¾à¤¨ à¤¨à¤¹à¥€à¤‚ à¤","drink":"Never (à¤•à¤­à¥€ à¤¨à¤¹à¥€à¤)","f_ill":"à¤•à¥à¤› à¤¨à¤¹à¥€à¤‚","Other":"","pm_his":"à¤•à¥à¤› à¤¨à¤¹à¥€","Other_pm":"","ad_hos":"à¤…à¤¸à¥à¤ªà¤¤à¤¾à¤² à¤®à¥‡à¤‚ à¤­à¤°à¥à¤¤à¥€","pat_con":"à¤¬à¥à¤°à¤¾","accident":"None","med":"None","ch_no":"","del_no":"","delivery":"","others":"","Family_Registration_No":"K07220025","mob_no":"1234567890"},
{"ID":"35","Date_of_Enrollment":"2022-07-28","name":"Etwa Surin","per_reg":"G0722002201","pat_ticket_id":"220728034","rel_cwe":"à¤¬à¥‡à¤Ÿà¥€","gender":"Female","dob":"1988-07-21","edu":"à¤•à¤•à¥à¤·à¤¾ 11-12, à¤‰à¤¤à¥à¤¤à¥€à¤°à¥à¤£ à¤","prof":"à¤˜à¤°à¥‡à¤²à¥‚ à¤•à¤¾à¤°à¥à¤¯à¤•à¤°à¥à¤¤à¤¾","mar_stat":"Not Married\/ à¤…à¤µà¤¿à¤µà¤¾à¤¹à¤¿à¤¤","height":"66","weight":"60","temp":"98","pulse":"72","s_bp":"90","d_bp":"45","spo2":"20","diab":"No","asthma":"No","smoke":"à¤¦à¤¿à¤¨ à¤®à¥‡à¤‚ 10 à¤¸à¥‡ à¤•à¤®","drink":"Occasionally (à¤•à¤­à¥€-à¤•à¤­à¥€)","f_ill":"Hypertension (à¤‰à¤šà¥à¤š à¤°à¤•à¥à¤¤à¤šà¤¾à¤ª)","Other":"","pm_his":"à¤¹à¥ƒà¤¦à¤¯ à¤°à¥‹à¤—","Other_pm":"","ad_hos":"à¤¬à¤šà¥à¤šà¥‡ à¤•à¤¾ à¤œà¤¨à¥à¤®","pat_con":"à¤…à¤šà¥à¤›à¤¾","accident":"none","med":"no","ch_no":"0","del_no":"0","delivery":"0","others":"none","Family_Registration_No":"D07220022","mob_no":"9076289367"},
{"ID":"36","Date_of_Enrollment":"2022-10-19","name":"Agnesia Surin","per_reg":"H0722002902","pat_ticket_id":"221019036","rel_cwe":"Sukhwan Surin","gender":"Female","dob":"1987-01-01","edu":"","prof":"","mar_stat":"Married","height":"162","weight":"52","temp":"94.1","pulse":"96","s_bp":"120","d_bp":"78","spo2":"99","diab":"","asthma":"","smoke":"","drink":"","f_ill":"","Other":"","pm_his":"","Other_pm":"","ad_hos":"","pat_con":"","accident":"","med":"","ch_no":"","del_no":"","delivery":"","others":"","Family_Registration_No":"","mob_no":"0"},
{"ID":"37","Date_of_Enrollment":"2022-11-16","name":"Dipak Naik","per_reg":"K0722000101","pat_ticket_id":"221116037","rel_cwe":"à¤–à¥à¤¦ (self)","gender":"Male","dob":"1995-11-16","edu":"Education","prof":"à¤•à¥à¤¶à¤² à¤•à¤¾à¤®à¤—à¤¾à¤° (à¤°à¤¾à¤œà¤®à¤¿à¤","mar_stat":"à¤µà¤¿à¤µà¤¾à¤¹à¤¿à¤¤\/ Married","height":"","weight":"","temp":"","pulse":"","s_bp":"","d_bp":"","spo2":"","diab":"Do you have Diabetes? (à¤•à¥à¤¯à¤¾ à¤†à¤ªà¤•à¥‹ à","asthma":"Do you have asthma or any breathing trouble? (à¤•à","smoke":"à¤•à¤­à¥€ à¤§à¥‚à¤®à¥à¤°à¤ªà¤¾à¤¨ à¤¨à¤¹à¥€à¤‚ à¤","drink":"Alcohol drinking habit (à¤¶à¤°à¤¾à¤¬ à¤ªà¥€à¤¨à¥‡ ","f_ill":"à¤•à¥à¤› à¤¨à¤¹à¥€à¤‚","Other":"","pm_his":"à¤•à¥à¤› à¤¨à¤¹à¥€","Other_pm":"","ad_hos":"à¤…à¤¸à¥à¤ªà¤¤à¤¾à¤² à¤®à¥‡à¤‚ à¤­à¤°à¥à¤¤à¥€","pat_con":"à¤¸à¥à¤µà¤¾à¤¸à¥à¤¥à¥à¤¯ à¤•à¥€ à¤¸à¥à¤¥à¤¿à¤¤","accident":"","med":"","ch_no":"","del_no":"","delivery":"","others":"","Family_Registration_No":"K07220001","mob_no":"9999999999"},
{"ID":"38","Date_of_Enrollment":"2022-11-16","name":"Baby Kumari","per_reg":"K0722000103","pat_ticket_id":"221116038","rel_cwe":"à¤¬à¥‡à¤Ÿà¥€","gender":"Female","dob":"2018-01-16","edu":"Education","prof":"à¤µà¤¿à¤¦à¥à¤¯à¤¾à¤°à¥à¤¥à¥€","mar_stat":"Not Married\/ à¤…à¤µà¤¿à¤µà¤¾à¤¹à¤¿à¤¤","height":"","weight":"","temp":"","pulse":"","s_bp":"","d_bp":"","spo2":"","diab":"Do you have Diabetes? (à¤•à¥à¤¯à¤¾ à¤†à¤ªà¤•à¥‹ à","asthma":"Do you have asthma or any breathing trouble? (à¤•à","smoke":"Smoking habits (à¤§à¥‚à¤®à¥à¤°à¤ªà¤¾à¤¨ à¤•à¥€ à¤","drink":"Alcohol drinking habit (à¤¶à¤°à¤¾à¤¬ à¤ªà¥€à¤¨à¥‡ ","f_ill":"à¤•à¥à¤› à¤¨à¤¹à¥€à¤‚","Other":"","pm_his":"à¤•à¥à¤› à¤¨à¤¹à¥€","Other_pm":"","ad_hos":"à¤…à¤¸à¥à¤ªà¤¤à¤¾à¤² à¤®à¥‡à¤‚ à¤­à¤°à¥à¤¤à¥€","pat_con":"à¤¸à¥à¤µà¤¾à¤¸à¥à¤¥à¥à¤¯ à¤•à¥€ à¤¸à¥à¤¥à¤¿à¤¤","accident":"","med":"","ch_no":"","del_no":"","delivery":"","others":"","Family_Registration_No":"K07220001","mob_no":"9999999999"},
{"ID":"39","Date_of_Enrollment":"2022-11-16","name":"Prince Naik","per_reg":"K0722000104","pat_ticket_id":"221116039","rel_cwe":"à¤¬à¥‡à¤Ÿà¤¾","gender":"Male","dob":"2021-01-01","edu":"Education","prof":"à¤­à¤‡à¤¯à¤¾\/ Brother","mar_stat":"Not Married\/ à¤…à¤µà¤¿à¤µà¤¾à¤¹à¤¿à¤¤","height":"","weight":"","temp":"","pulse":"","s_bp":"","d_bp":"","spo2":"","diab":"Do you have Diabetes? (à¤•à¥à¤¯à¤¾ à¤†à¤ªà¤•à¥‹ à","asthma":"Do you have asthma or any breathing trouble? (à¤•à","smoke":"Smoking habits (à¤§à¥‚à¤®à¥à¤°à¤ªà¤¾à¤¨ à¤•à¥€ à¤","drink":"Alcohol drinking habit (à¤¶à¤°à¤¾à¤¬ à¤ªà¥€à¤¨à¥‡ ","f_ill":"à¤•à¥à¤› à¤¨à¤¹à¥€à¤‚","Other":"","pm_his":"à¤•à¥à¤› à¤¨à¤¹à¥€","Other_pm":"","ad_hos":"à¤…à¤¸à¥à¤ªà¤¤à¤¾à¤² à¤®à¥‡à¤‚ à¤­à¤°à¥à¤¤à¥€","pat_con":"à¤¸à¥à¤µà¤¾à¤¸à¥à¤¥à¥à¤¯ à¤•à¥€ à¤¸à¥à¤¥à¤¿à¤¤","accident":"","med":"","ch_no":"","del_no":"","delivery":"","others":"","Family_Registration_No":"K07220001","mob_no":"9999999999"},
{"ID":"40","Date_of_Enrollment":"2022-11-16","name":"Amar Barla","per_reg":"D0722002002","pat_ticket_id":"221116040","rel_cwe":"à¤¬à¥‡à¤Ÿà¤¾","gender":"Male","dob":"1995-01-01","edu":"à¤•à¤•à¥à¤·à¤¾ 11-12, à¤‰à¤¤à¥à¤¤à¥€à¤°à¥à¤£ à¤","prof":"à¤µà¤¿à¤¦à¥à¤¯à¤¾à¤°à¥à¤¥à¥€","mar_stat":"Not Married\/ à¤…à¤µà¤¿à¤µà¤¾à¤¹à¤¿à¤¤","height":"","weight":"","temp":"","pulse":"","s_bp":"","d_bp":"","spo2":"","diab":"Do you have Diabetes? (à¤•à¥à¤¯à¤¾ à¤†à¤ªà¤•à¥‹ à","asthma":"Do you have asthma or any breathing trouble? (à¤•à","smoke":"Smoking habits (à¤§à¥‚à¤®à¥à¤°à¤ªà¤¾à¤¨ à¤•à¥€ à¤","drink":"Alcohol drinking habit (à¤¶à¤°à¤¾à¤¬ à¤ªà¥€à¤¨à¥‡ ","f_ill":"à¤•à¥à¤› à¤¨à¤¹à¥€à¤‚","Other":"","pm_his":"à¤•à¥à¤› à¤¨à¤¹à¥€","Other_pm":"","ad_hos":"à¤…à¤¸à¥à¤ªà¤¤à¤¾à¤² à¤®à¥‡à¤‚ à¤­à¤°à¥à¤¤à¥€","pat_con":"à¤¸à¥à¤µà¤¾à¤¸à¥à¤¥à¥à¤¯ à¤•à¥€ à¤¸à¥à¤¥à¤¿à¤¤","accident":"","med":"","ch_no":"","del_no":"","delivery":"","others":"","Family_Registration_No":"D07220020","mob_no":"9999999999"},
{"ID":"41","Date_of_Enrollment":"2022-11-16","name":"Vijay Barla","per_reg":"D0722002004","pat_ticket_id":"221116041","rel_cwe":"à¤¬à¥‡à¤Ÿà¤¾","gender":"Male","dob":"2005-01-16","edu":"Education","prof":"à¤µà¤¿à¤¦à¥à¤¯à¤¾à¤°à¥à¤¥à¥€","mar_stat":"Not Married\/ à¤…à¤µà¤¿à¤µà¤¾à¤¹à¤¿à¤¤","height":"","weight":"","temp":"","pulse":"","s_bp":"","d_bp":"","spo2":"","diab":"Do you have Diabetes? (à¤•à¥à¤¯à¤¾ à¤†à¤ªà¤•à¥‹ à","asthma":"Do you have asthma or any breathing trouble? (à¤•à","smoke":"Smoking habits (à¤§à¥‚à¤®à¥à¤°à¤ªà¤¾à¤¨ à¤•à¥€ à¤","drink":"Alcohol drinking habit (à¤¶à¤°à¤¾à¤¬ à¤ªà¥€à¤¨à¥‡ ","f_ill":"à¤•à¥à¤› à¤¨à¤¹à¥€à¤‚","Other":"","pm_his":"à¤•à¥à¤› à¤¨à¤¹à¥€","Other_pm":"","ad_hos":"à¤…à¤¸à¥à¤ªà¤¤à¤¾à¤² à¤®à¥‡à¤‚ à¤­à¤°à¥à¤¤à¥€","pat_con":"à¤¸à¥à¤µà¤¾à¤¸à¥à¤¥à¥à¤¯ à¤•à¥€ à¤¸à¥à¤¥à¤¿à¤¤","accident":"","med":"","ch_no":"","del_no":"","delivery":"","others":"","Family_Registration_No":"D07220020","mob_no":"9999999999"},
{"ID":"42","Date_of_Enrollment":"2022-11-17","name":"Poonam Surin","per_reg":"K1122003502","pat_ticket_id":"221117042","rel_cwe":"à¤ªà¤¤à¤¿ à¤¯à¤¾ à¤ªà¤¤à¥à¤¨à¥€","gender":"Female","dob":"1990-01-01","edu":"Education","prof":"à¤•à¤¿à¤¸à¤¾à¤¨,à¤˜à¤°à¥‡à¤²à¥‚ à¤•à¤¾à¤°à¥à¤¯à¤•","mar_stat":"à¤µà¤¿à¤µà¤¾à¤¹à¤¿à¤¤\/ Married","height":"160","weight":"50","temp":"96.5","pulse":"","s_bp":"105","d_bp":"66","spo2":"99","diab":"No","asthma":"No","smoke":"à¤•à¤­à¥€ à¤§à¥‚à¤®à¥à¤°à¤ªà¤¾à¤¨ à¤¨à¤¹à¥€à¤‚ à¤","drink":"Never (à¤•à¤­à¥€ à¤¨à¤¹à¥€à¤)","f_ill":"à¤•à¥à¤› à¤¨à¤¹à¥€à¤‚","Other":"","pm_his":"à¤•à¥à¤› à¤¨à¤¹à¥€","Other_pm":"","ad_hos":"à¤¬à¤šà¥à¤šà¥‡ à¤•à¤¾ à¤œà¤¨à¥à¤®","pat_con":"à¤…à¤šà¥à¤›à¤¾","accident":"no","med":"no","ch_no":"3","del_no":"3","delivery":"","others":"","Family_Registration_No":"K11220035","mob_no":"9334820367"},
{"ID":"43","Date_of_Enrollment":"2022-11-17","name":"Anushka Surin","per_reg":"K1122003505","pat_ticket_id":"221117043","rel_cwe":"à¤¬à¥‡à¤Ÿà¥€","gender":"Female","dob":"2021-02-24","edu":"à¤•à¥‹à¤ˆ à¤”à¤ªà¤šà¤¾à¤°à¤¿à¤• à¤¶à¤¿à¤•à¥à¤·à¤¾","prof":"à¤­à¤‡à¤¯à¤¾\/ Brother","mar_stat":"Not Married\/ à¤…à¤µà¤¿à¤µà¤¾à¤¹à¤¿à¤¤","height":"","weight":"9.2","temp":"","pulse":"","s_bp":"","d_bp":"","spo2":"","diab":"No","asthma":"No","smoke":"à¤•à¤­à¥€ à¤§à¥‚à¤®à¥à¤°à¤ªà¤¾à¤¨ à¤¨à¤¹à¥€à¤‚ à¤","drink":"Never (à¤•à¤­à¥€ à¤¨à¤¹à¥€à¤)","f_ill":"à¤•à¥à¤› à¤¨à¤¹à¥€à¤‚","Other":"","pm_his":"à¤•à¥à¤› à¤¨à¤¹à¥€","Other_pm":"","ad_hos":"à¤…à¤¸à¥à¤ªà¤¤à¤¾à¤² à¤®à¥‡à¤‚ à¤­à¤°à¥à¤¤à¥€","pat_con":"à¤¸à¥à¤µà¤¾à¤¸à¥à¤¥à¥à¤¯ à¤•à¥€ à¤¸à¥à¤¥à¤¿à¤¤","accident":"","med":"","ch_no":"","del_no":"","delivery":"","others":"","Family_Registration_No":"K11220035","mob_no":"9334820367"},
{"ID":"44","Date_of_Enrollment":"2022-11-17","name":"Sunira Kachhua","per_reg":"H0822002902","pat_ticket_id":"221117044","rel_cwe":"wife","gender":"Female","dob":"2000-02-10","edu":"12","prof":"Farmer","mar_stat":"Married","height":"156","weight":"45","temp":"","pulse":"","s_bp":"","d_bp":"","spo2":"","diab":"No","asthma":"No","smoke":"No","drink":"Never ","f_ill":"à¤•à¥à¤› à¤¨à¤¹à¥€à¤‚","Other":"","pm_his":"à¤•à¥à¤› à¤¨à¤¹à¥€","Other_pm":"","ad_hos":"à¤…à¤¸à¥à¤ªà¤¤à¤¾à¤² à¤®à¥‡à¤‚ à¤­à¤°à¥à¤¤à¥€","pat_con":"à¤¸à¥à¤µà¤¾à¤¸à¥à¤¥à¥à¤¯ à¤•à¥€ à¤¸à¥à¤¥à¤¿à¤¤","accident":"","med":"","ch_no":"","del_no":"","delivery":"","others":"","Family_Registration_No":"H08220029","mob_no":"7667266432"},
{"ID":"45","Date_of_Enrollment":"2022-11-17","name":"jyoti Kumari","per_reg":"H0822002904","pat_ticket_id":"221117045","rel_cwe":"à¤¬à¥‡à¤Ÿà¥€","gender":"Female","dob":"2021-01-07","edu":"à¤•à¥‹à¤ˆ à¤”à¤ªà¤šà¤¾à¤°à¤¿à¤• à¤¶à¤¿à¤•à¥à¤·à¤¾","prof":"à¤­à¤‡à¤¯à¤¾\/ Brother","mar_stat":"Not Married\/ à¤…à¤µà¤¿à¤µà¤¾à¤¹à¤¿à¤¤","height":"","weight":"","temp":"","pulse":"","s_bp":"","d_bp":"","spo2":"","diab":"Do you have Diabetes? (à¤•à¥à¤¯à¤¾ à¤†à¤ªà¤•à¥‹ à","asthma":"Do you have asthma or any breathing trouble? (à¤•à","smoke":"Smoking habits (à¤§à¥‚à¤®à¥à¤°à¤ªà¤¾à¤¨ à¤•à¥€ à¤","drink":"Alcohol drinking habit (à¤¶à¤°à¤¾à¤¬ à¤ªà¥€à¤¨à¥‡ ","f_ill":"à¤•à¥à¤› à¤¨à¤¹à¥€à¤‚","Other":"","pm_his":"à¤•à¥à¤› à¤¨à¤¹à¥€","Other_pm":"","ad_hos":"à¤…à¤¸à¥à¤ªà¤¤à¤¾à¤² à¤®à¥‡à¤‚ à¤­à¤°à¥à¤¤à¥€","pat_con":"à¤¸à¥à¤µà¤¾à¤¸à¥à¤¥à¥à¤¯ à¤•à¥€ à¤¸à¥à¤¥à¤¿à¤¤","accident":"","med":"","ch_no":"","del_no":"","delivery":"","others":"","Family_Registration_No":"H08220029","mob_no":"7667266432"},
{"ID":"46","Date_of_Enrollment":"2022-11-17","name":"Sunaina Surin","per_reg":"K0722000707","pat_ticket_id":"221117046","rel_cwe":"à¤ªà¥‹à¤¤à¥€","gender":"Female","dob":"2020-03-31","edu":"à¤•à¥‹à¤ˆ à¤”à¤ªà¤šà¤¾à¤°à¤¿à¤• à¤¶à¤¿à¤•à¥à¤·à¤¾","prof":"à¤­à¤‡à¤¯à¤¾\/ Brother","mar_stat":"Not Married\/ à¤…à¤µà¤¿à¤µà¤¾à¤¹à¤¿à¤¤","height":"","weight":"","temp":"","pulse":"","s_bp":"","d_bp":"","spo2":"","diab":"Do you have Diabetes? (à¤•à¥à¤¯à¤¾ à¤†à¤ªà¤•à¥‹ à","asthma":"Do you have asthma or any breathing trouble? (à¤•à","smoke":"Smoking habits (à¤§à¥‚à¤®à¥à¤°à¤ªà¤¾à¤¨ à¤•à¥€ à¤","drink":"Alcohol drinking habit (à¤¶à¤°à¤¾à¤¬ à¤ªà¥€à¤¨à¥‡ ","f_ill":"à¤•à¥à¤› à¤¨à¤¹à¥€à¤‚","Other":"undernourished","pm_his":"à¤•à¥à¤› à¤¨à¤¹à¥€","Other_pm":"","ad_hos":"à¤…à¤¸à¥à¤ªà¤¤à¤¾à¤² à¤®à¥‡à¤‚ à¤­à¤°à¥à¤¤à¥€","pat_con":"à¤¸à¥à¤µà¤¾à¤¸à¥à¤¥à¥à¤¯ à¤•à¥€ à¤¸à¥à¤¥à¤¿à¤¤","accident":"","med":"","ch_no":"","del_no":"","delivery":"","others":"","Family_Registration_No":"K07220007","mob_no":"9999999999"},
{"ID":"47","Date_of_Enrollment":"2022-12-14","name":"Munika Horo","per_reg":"K0722001004","pat_ticket_id":"221215047","rel_cwe":"à¤ªà¤¤à¤¿ à¤¯à¤¾ à¤ªà¤¤à¥à¤¨à¥€","gender":"Female","dob":"1990-01-01","edu":"Education","prof":"à¤•à¤¿à¤¸à¤¾à¤¨","mar_stat":"à¤µà¤¿à¤µà¤¾à¤¹à¤¿à¤¤\/ Married","height":"","weight":"","temp":"","pulse":"","s_bp":"","d_bp":"","spo2":"","diab":"Do you have Diabetes? (à¤•à¥à¤¯à¤¾ à¤†à¤ªà¤•à¥‹ à","asthma":"Do you have asthma or any breathing trouble? (à¤•à","smoke":"Smoking habits (à¤§à¥‚à¤®à¥à¤°à¤ªà¤¾à¤¨ à¤•à¥€ à¤","drink":"Alcohol drinking habit (à¤¶à¤°à¤¾à¤¬ à¤ªà¥€à¤¨à¥‡ ","f_ill":"à¤•à¥à¤› à¤¨à¤¹à¥€à¤‚","Other":"","pm_his":"à¤•à¥à¤› à¤¨à¤¹à¥€","Other_pm":"","ad_hos":"à¤…à¤¸à¥à¤ªà¤¤à¤¾à¤² à¤®à¥‡à¤‚ à¤­à¤°à¥à¤¤à¥€","pat_con":"à¤¸à¥à¤µà¤¾à¤¸à¥à¤¥à¥à¤¯ à¤•à¥€ à¤¸à¥à¤¥à¤¿à¤¤","accident":"","med":"","ch_no":"","del_no":"","delivery":"","others":"","Family_Registration_No":"K07220010","mob_no":"9999999999"}
]


