[
{"ID":"24","prescrip_ticket_id":"","Doctor_Name":"Dr. Mrinmoy Bera","Doctor_ID":"3","Patient_Name":"Nimunti Surin","Patient_ID":"K0722000402","age":"52","m1":"Azithromycine 250","f1_1":".,à¤¨à¤¾à¤¶à¥à¤¤à¥‡ à¤¸à¥‡ à¤ªà¤¹à¤²à¥‡,à¤¨à¤¾à¤¶à¥à¤¤à¥‡ à¤•à¥‡ à¤¬à¤¾à¤¦,à¤¦à¥‹à¤ªà¤¹à¤° à¤•à¥‡ à¤­à¥‹à¤œà¤¨ à¤¸à¥‡ à¤ªà¤¹à¤²à¥‡","d1":"2 days","med_no1":"6","m2":"Amlodipine 5","f1_2":".,à¤¦à¥‹à¤ªà¤¹à¤° à¤•à¥‡ à¤­à¥‹à¤œà¤¨ à¤•à¥‡ à¤¬à¤¾à¤¦,à¤°à¤¾à¤¤ à¤•à¥‡ à¤–à¤¾à¤¨à¥‡ à¤¸à¥‡ à¤ªà¤¹à¤","d2":"7 days","med_no2":"12","m3":"Azithromycine 250","f1_3":".,à¤œà¤¬ à¤œà¤°à¥à¤°à¤¤ à¤ªà¤¾à¤°à¥‡","d3":"One time","med_no3":"1","m4":"Medicine 4","f1_4":".","d4":".","med_no4":"0","m5":"Medicine 5","f1_5":".","d5":".","med_no5":"0","m6":"Medicine 6","f1_6":".","d6":".","med_no6":"0","Tests":"No test","Special_instruction":"no another instruction","Next_recommended_Visit":"","diag":"Heart enlargement","no_of_medicine":"3"},
{"ID":"25","prescrip_ticket_id":"P220728025","Doctor_Name":"Dr. Mrinmoy Bera","Doctor_ID":"3","Patient_Name":"Atul Surin","Patient_ID":"K0722001204","age":"18","m1":"Amoxyxillin 500","f1_1":".,à¤¨à¤¾à¤¶à¥à¤¤à¥‡ à¤¸à¥‡ à¤ªà¤¹à¤²à¥‡,à¤¦à¥‹à¤ªà¤¹à¤° à¤•à¥‡ à¤­à¥‹à¤œà¤¨ à¤¸à¥‡ à¤ªà¤¹à¤²à¥‡,à¤°à¤¾à¤¤ à¤•à¥‡ à¤–à¤¾à¤¨à¥‡ à¤¸à¥‡ à¤ªà¤¹à¤²à¥‡","d1":"7 days","med_no1":"21","m2":"Xeroworn 401","f1_2":".,à¤–à¤¾à¤²à¥€ à¤ªà¥‡à¤Ÿ,à¤°à¤¾à¤¤ à¤•à¥‡ à¤–à¤¾à¤¨à¥‡ à¤•à¥‡ à¤¬à¤¾à¤¦","d2":"3 Days","med_no2":"6","m3":"Bisacodyl","f1_3":".,à¤œà¤¬ à¤œà¤°à¥à¤°à¤¤ à¤ªà¤¾à¤°à¥‡","d3":"3 Days","med_no3":"0","m4":"Medicine 4","f1_4":".","d4":".","med_no4":"0","m5":"Medicine 5","f1_5":".","d5":".","med_no5":"0","m6":"Medicine 6","f1_6":".","d6":".","med_no6":"0","Tests":"No test","Special_instruction":"Drink adequate liquid","Next_recommended_Visit":"2022-08-04","diag":"This diagnosis","no_of_medicine":"3"},
{"ID":"26","prescrip_ticket_id":"P220728026","Doctor_Name":"Dr. Mrinmoy Bera","Doctor_ID":"3","Patient_Name":"Saidan Surin","Patient_ID":"K0722000404","age":"21","m1":"Amoxyxillin 500","f1_1":".,à¤¨à¤¾à¤¶à¥à¤¤à¥‡ à¤¸à¥‡ à¤ªà¤¹à¤²à¥‡,à¤¦à¥‹à¤ªà¤¹à¤° à¤•à¥‡ à¤­à¥‹à¤œà¤¨ à¤¸à¥‡ à¤ªà¤¹à¤²à¥‡,à¤°à¤¾à¤¤ à¤•à¥‡ à¤–à¤¾à¤¨à¥‡ à¤¸à¥‡ à¤ªà¤¹à¤²à¥‡","d1":"5 days","med_no1":"15","m2":"Aspirin 150","f1_2":".,à¤–à¤¾à¤²à¥€ à¤ªà¥‡à¤Ÿ,à¤°à¤¾à¤¤ à¤•à¥‡ à¤–à¤¾à¤¨à¥‡ à¤¸à¥‡ à¤ªà¤¹à¤²à¥‡","d2":"7 days","med_no2":"14","m3":"ATENOLOL 50","f1_3":".,à¤¹à¤° à¤†à¤  à¤˜à¤‚à¤Ÿà¥‡","d3":"3 Days","med_no3":"9","m4":"Medicine 4","f1_4":".","d4":".","med_no4":"0","m5":"Medicine 5","f1_5":".","d5":".","med_no5":"0","m6":"Medicine 6","f1_6":".","d6":".","med_no6":"0","Tests":"No test","Special_instruction":"Any other instruction","Next_recommended_Visit":"2022-08-04","diag":"This diagnosis","no_of_medicine":"3"},
{"ID":"28","prescrip_ticket_id":"P220807027","Doctor_Name":"Dr Punyabrata Gun","Doctor_ID":"1","Patient_Name":"Etwa Surin","Patient_ID":"G0722002201","age":"34","m1":"Medicine 1","f1_1":".","d1":".","med_no1":"0","m2":"Medicine 2","f1_2":".","d2":".","med_no2":"0","m3":"Medicine 3","f1_3":".","d3":".","med_no3":"0","m4":"Medicine 4","f1_4":".","d4":".","med_no4":"0","m5":"Medicine 5","f1_5":".","d5":".","med_no5":"0","m6":"Medicine 6","f1_6":".","d6":".","med_no6":"0","Tests":"","Special_instruction":"","Next_recommended_Visit":"","diag":"","no_of_medicine":"0"},
{"ID":"29","prescrip_ticket_id":"P220903029","Doctor_Name":"Dr Punyabrata Gun","Doctor_ID":"1","Patient_Name":"Etwa Surin","Patient_ID":"G0722002201","age":"34","m1":"Medicine 1","f1_1":".","d1":".","med_no1":"0","m2":"Medicine 2","f1_2":".","d2":".","med_no2":"0","m3":"Medicine 3","f1_3":".","d3":".","med_no3":"0","m4":"Medicine 4","f1_4":".","d4":".","med_no4":"0","m5":"Medicine 5","f1_5":".,à¤¦à¥‹à¤ªà¤¹à¤° à¤•à¥‡ à¤­à¥‹à¤œà¤¨ à¤¸à¥‡ à¤ªà¤¹à¤²à¥‡,à¤¨à¤¾à¤¶à¥à¤¤à¥‡ à¤•à¥‡ à¤¬à¤¾à¤¦,à¤°à¤¾","d5":".","med_no5":"0","m6":"Medicine 6","f1_6":".","d6":".","med_no6":"0","Tests":"","Special_instruction":"","Next_recommended_Visit":"","diag":"","no_of_medicine":"0"},
{"ID":"30","prescrip_ticket_id":"P221019030","Doctor_Name":"Dr Punyabrata Gun","Doctor_ID":"1","Patient_Name":"Agnesia Surin","Patient_ID":"H0722002902","age":"35","m1":"Medicine 1","f1_1":".","d1":".","med_no1":"0","m2":"Medicine 2","f1_2":".","d2":".","med_no2":"0","m3":"Medicine 3","f1_3":".","d3":".","med_no3":"0","m4":"Medicine 4","f1_4":".","d4":".","med_no4":"0","m5":"Medicine 5","f1_5":".","d5":".","med_no5":"0","m6":"Medicine 6","f1_6":".","d6":".","med_no6":"0","Tests":"","Special_instruction":"","Next_recommended_Visit":"2022-10-21","diag":"Headache","no_of_medicine":"0"},
{"ID":"31","prescrip_ticket_id":"P221114031","Doctor_Name":"Dr Punyabrata Gun","Doctor_ID":"1","Patient_Name":"Etwa Surin","Patient_ID":"G0722002201","age":"34","m1":"Amoxyxillin 250","f1_1":".,à¤¨à¤¾à¤¶à¥à¤¤à¥‡ à¤•à¥‡ à¤¬à¤¾à¤¦,à¤°à¤¾à¤¤ à¤•à¥‡ à¤–à¤¾à¤¨à¥‡ à¤•à¥‡ à¤¬à¤¾à¤¦","d1":"7 days","med_no1":"0","m2":"Atorvastatine 10","f1_2":".","d2":"4 days","med_no2":"0","m3":"Medicine 3","f1_3":".","d3":".","med_no3":"0","m4":"Medicine 4","f1_4":".","d4":".","med_no4":"0","m5":"Medicine 5","f1_5":".","d5":".","med_no5":"0","m6":"Medicine 6","f1_6":".","d6":".","med_no6":"0","Tests":"","Special_instruction":"","Next_recommended_Visit":"","diag":"","no_of_medicine":"4"},
{"ID":"32","prescrip_ticket_id":"P221117032","Doctor_Name":"Dr Punyabrata Gun","Doctor_ID":"1","Patient_Name":"Sunira Kachhua","Patient_ID":"H0822002902","age":"22","m1":"Medicine 1","f1_1":".","d1":".","med_no1":"0","m2":"Medicine 2","f1_2":".","d2":".","med_no2":"0","m3":"Medicine 3","f1_3":".","d3":".","med_no3":"0","m4":"Medicine 4","f1_4":".","d4":".","med_no4":"0","m5":"Medicine 5","f1_5":".","d5":".","med_no5":"0","m6":"Medicine 6","f1_6":".","d6":".","med_no6":"0","Tests":"Hb%TC DC ESR, TSH","Special_instruction":"","Next_recommended_Visit":"2022-11-24","diag":"Oligomenorrhea","no_of_medicine":"0"}
]

